Package,Item,Title,size,classx,nrows,ncols,docurl,nnumcol,nlogcol,nfaccol,ncharcol,ndatecol,nposcol,nlistcol
cvms,precomputed.formulas,Precomputed formulas,34220928,"tbl_df, tbl, data.frame",259358,5,"<a href=https://search.r-project.org/CRAN/refmans/cvms/html/precomputed.formulas.html target=""""_blank"""">https://search.r-project.org/CRAN/refmans/cvms/html/precomputed.formulas.html</a>",4,0,0,1,0,0,0
countrycode,codelist_panel,Country Code Translation Data Frame (Country-Year Panel),13335136,"tbl_df, tbl, data.frame",28941,56,"<a href=https://search.r-project.org/CRAN/refmans/countrycode/html/codelist_panel.html target=""""_blank"""">https://search.r-project.org/CRAN/refmans/countrycode/html/codelist_panel.html</a>",17,0,0,39,0,0,0
doBy,milkman,Milk yield data for manually milked cows.,12335576,data.frame,161836,12,"<a href=https://search.r-project.org/CRAN/refmans/doBy/html/milkman.html target=""""_blank"""">https://search.r-project.org/CRAN/refmans/doBy/html/milkman.html</a>",10,0,2,0,0,0,0
laeken,ses,Synthetic SES survey data,8637600,data.frame,15691,27,"<a href=https://search.r-project.org/CRAN/refmans/laeken/html/ses.html target=""""_blank"""">https://search.r-project.org/CRAN/refmans/laeken/html/ses.html</a>",14,0,13,0,0,0,0
AER,Fertility,Fertility and Women's Labor Supply,8156760,data.frame,254654,8,"<a href=https://search.r-project.org/CRAN/refmans/AER/html/Fertility.html target=""""_blank"""">https://search.r-project.org/CRAN/refmans/AER/html/Fertility.html</a>",2,0,6,0,0,0,0
mlbench,Shuttle,Shuttle Dataset (Statlog version),8122776,data.frame,58000,10,"<a href=https://search.r-project.org/CRAN/refmans/mlbench/html/Shuttle.html target=""""_blank"""">https://search.r-project.org/CRAN/refmans/mlbench/html/Shuttle.html</a>",9,0,1,0,0,0,0
gains,MineThatData,MineThatData E-Mail Analytics Challenge Data With Predictions,7425496,data.frame,64000,7,"<a href=https://search.r-project.org/CRAN/refmans/gains/html/MineThatData.html target=""""_blank"""">https://search.r-project.org/CRAN/refmans/gains/html/MineThatData.html</a>",7,0,0,0,0,0,0
latticeExtra,gvhd10,Flow cytometry data from five samples from a patient,6836168,data.frame,113896,8,"<a href=https://search.r-project.org/CRAN/refmans/latticeExtra/html/gvhd10.html target=""""_blank"""">https://search.r-project.org/CRAN/refmans/latticeExtra/html/gvhd10.html</a>",7,0,1,0,0,0,0
cvms,compatible.formula.terms,Compatible formula terms,6579320,"tbl_df, tbl, data.frame",162660,5,"<a href=https://search.r-project.org/CRAN/refmans/cvms/html/compatible.formula.terms.html target=""""_blank"""">https://search.r-project.org/CRAN/refmans/cvms/html/compatible.formula.terms.html</a>",3,0,0,2,0,0,0
AER,CPSSW8,Stock and Watson CPS Data Sets,5405168,data.frame,61395,5,"<a href=https://search.r-project.org/CRAN/refmans/AER/html/CPSSW8.html target=""""_blank"""">https://search.r-project.org/CRAN/refmans/AER/html/CPSSW8.html</a>",3,0,2,0,0,0,0
padr,emergency,"Emergency Calls for Montgomery County, PA",5315392,"tbl_df, tbl, data.frame",120450,6,"<a href=https://search.r-project.org/CRAN/refmans/padr/html/emergency.html target=""""_blank"""">https://search.r-project.org/CRAN/refmans/padr/html/emergency.html</a>",3,0,0,2,0,1,0
kernlab,ticdata,The Insurance Company Data,4998776,data.frame,9822,86,"<a href=https://search.r-project.org/CRAN/refmans/kernlab/html/ticdata.html target=""""_blank"""">https://search.r-project.org/CRAN/refmans/kernlab/html/ticdata.html</a>",23,0,63,0,0,0,0
dslabs,movielens,Movie ratings,4344832,data.frame,100004,7,"<a href=https://search.r-project.org/CRAN/refmans/dslabs/html/movielens.html target=""""_blank"""">https://search.r-project.org/CRAN/refmans/dslabs/html/movielens.html</a>",5,0,1,1,0,0,0
ada,soldat,Solubility Data,3635728,data.frame,5631,73,"<a href=https://search.r-project.org/CRAN/refmans/ada/html/soldat.html target=""""_blank"""">https://search.r-project.org/CRAN/refmans/ada/html/soldat.html</a>",73,0,0,0,0,0,0
gamlss.data,mviBig,The motor vehicle insurance data,3497448,data.frame,67143,11,"<a href=https://search.r-project.org/CRAN/refmans/gamlss.data/html/mviBig.html target=""""_blank"""">https://search.r-project.org/CRAN/refmans/gamlss.data/html/mviBig.html</a>",6,0,5,0,0,0,0
questionr,rp2018,2018 French Census - French cities of more than 2000 inhabitants,3349216,"tbl_df, tbl, data.frame",5417,62,"<a href=https://search.r-project.org/CRAN/refmans/questionr/html/rp2018.html target=""""_blank"""">https://search.r-project.org/CRAN/refmans/questionr/html/rp2018.html</a>",55,0,1,6,0,0,0
ggmap,wind,Wind data from Hurricane Ike,3299440,data.frame,51529,8,"<a href=https://search.r-project.org/CRAN/refmans/ggmap/html/wind.html target=""""_blank"""">https://search.r-project.org/CRAN/refmans/ggmap/html/wind.html</a>",8,0,0,0,0,0,0
modeldata,check_times,Execution time data,3168632,"tbl_df, tbl, data.frame",13626,25,"<a href=https://search.r-project.org/CRAN/refmans/modeldata/html/check_times.html target=""""_blank"""">https://search.r-project.org/CRAN/refmans/modeldata/html/check_times.html</a>",24,0,0,1,0,0,0
modeldata,hotel_rates,Daily Hotel Rate Data,2943400,"tbl_df, tbl, data.frame",15402,28,"<a href=https://search.r-project.org/CRAN/refmans/modeldata/html/hotel_rates.html target=""""_blank"""">https://search.r-project.org/CRAN/refmans/modeldata/html/hotel_rates.html</a>",18,0,9,0,1,0,0
AER,Fertility2,Fertility and Women's Labor Supply,2884648,data.frame,30000,8,"<a href=https://search.r-project.org/CRAN/refmans/AER/html/Fertility2.html target=""""_blank"""">https://search.r-project.org/CRAN/refmans/AER/html/Fertility2.html</a>",2,0,6,0,0,0,0
laeken,eusilc,Synthetic EU-SILC survey data,2853792,data.frame,14827,28,"<a href=https://search.r-project.org/CRAN/refmans/laeken/html/eusilc.html target=""""_blank"""">https://search.r-project.org/CRAN/refmans/laeken/html/eusilc.html</a>",24,0,4,0,0,0,0
AER,CPS1988,Determinants of Wages Data (CPS 1988),2706576,data.frame,28155,7,"<a href=https://search.r-project.org/CRAN/refmans/AER/html/CPS1988.html target=""""_blank"""">https://search.r-project.org/CRAN/refmans/AER/html/CPS1988.html</a>",3,0,4,0,0,0,0
jomo,tldata,A simulated 2-level dataset,2417216,data.frame,50000,9,"<a href=https://search.r-project.org/CRAN/refmans/jomo/html/tldata.html target=""""_blank"""">https://search.r-project.org/CRAN/refmans/jomo/html/tldata.html</a>",4,0,5,0,0,0,0
AER,STAR,Project STAR: Student-Teacher Achievement Ratio,2330352,data.frame,11598,47,"<a href=https://search.r-project.org/CRAN/refmans/AER/html/STAR.html target=""""_blank"""">https://search.r-project.org/CRAN/refmans/AER/html/STAR.html</a>",12,0,34,0,0,0,0
mlbench,Satellite,Landsat Multi-Spectral Scanner Image Data,1884920,data.frame,6435,37,"<a href=https://search.r-project.org/CRAN/refmans/mlbench/html/Satellite.html target=""""_blank"""">https://search.r-project.org/CRAN/refmans/mlbench/html/Satellite.html</a>",36,0,1,0,0,0,0
ggmap,zips,Zip code data for the Greater Houston Metropolitan Area from the 2000 census,1723104,data.frame,23906,10,"<a href=https://search.r-project.org/CRAN/refmans/ggmap/html/zips.html target=""""_blank"""">https://search.r-project.org/CRAN/refmans/ggmap/html/zips.html</a>",10,0,0,0,0,0,0
wooldridge,alcohol,alcohol,1576424,data.frame,9822,33,"<a href=https://search.r-project.org/CRAN/refmans/wooldridge/html/alcohol.html target=""""_blank"""">https://search.r-project.org/CRAN/refmans/wooldridge/html/alcohol.html</a>",33,0,0,0,0,0,0
ks,air,Air quality measurements in an underground train station,1510648,data.frame,35039,8,"<a href=https://search.r-project.org/CRAN/refmans/ks/html/air.html target=""""_blank"""">https://search.r-project.org/CRAN/refmans/ks/html/air.html</a>",6,0,2,0,0,0,0
mlr3data,optdigits,Optical Recognition of Handwritten Digits,1470128,data.frame,5620,65,"<a href=https://search.r-project.org/CRAN/refmans/mlr3data/html/optdigits.html target=""""_blank"""">https://search.r-project.org/CRAN/refmans/mlr3data/html/optdigits.html</a>",64,0,1,0,0,0,0
AER,CPSSW9204,Stock and Watson CPS Data Sets,1374520,data.frame,15588,5,"<a href=https://search.r-project.org/CRAN/refmans/AER/html/CPSSW9204.html target=""""_blank"""">https://search.r-project.org/CRAN/refmans/AER/html/CPSSW9204.html</a>",2,0,3,0,0,0,0
modeldata,deliveries,Food Delivery Time Data,1366968,"tbl_df, tbl, data.frame",10012,31,"<a href=https://search.r-project.org/CRAN/refmans/modeldata/html/deliveries.html target=""""_blank"""">https://search.r-project.org/CRAN/refmans/modeldata/html/deliveries.html</a>",30,0,1,0,0,0,0
wooldridge,mathpnl,mathpnl,1362336,data.frame,3850,52,"<a href=https://search.r-project.org/CRAN/refmans/wooldridge/html/mathpnl.html target=""""_blank"""">https://search.r-project.org/CRAN/refmans/wooldridge/html/mathpnl.html</a>",52,0,0,0,0,0,0
AER,CPSSW9298,Stock and Watson CPS Data Sets,1244880,data.frame,13501,5,"<a href=https://search.r-project.org/CRAN/refmans/AER/html/CPSSW9298.html target=""""_blank"""">https://search.r-project.org/CRAN/refmans/AER/html/CPSSW9298.html</a>",2,0,3,0,0,0,0
doBy,codstom,Diet of Atlantic cod in the Gulf of St. Lawrence (Canada),1127840,data.frame,10000,9,"<a href=https://search.r-project.org/CRAN/refmans/doBy/html/codstom.html target=""""_blank"""">https://search.r-project.org/CRAN/refmans/doBy/html/codstom.html</a>",4,0,5,0,0,0,0
ks,hsct,Haematopoietic stem cell transplant,1096936,data.frame,39128,6,"<a href=https://search.r-project.org/CRAN/refmans/ks/html/hsct.html target=""""_blank"""">https://search.r-project.org/CRAN/refmans/ks/html/hsct.html</a>",6,0,0,0,0,0,0
kernlab,income,Income Data,1093448,data.frame,8993,14,"<a href=https://search.r-project.org/CRAN/refmans/kernlab/html/income.html target=""""_blank"""">https://search.r-project.org/CRAN/refmans/kernlab/html/income.html</a>",0,0,14,0,0,0,0
wooldridge,school93_98,school93_98,1072120,data.frame,10668,18,"<a href=https://search.r-project.org/CRAN/refmans/wooldridge/html/school93_98.html target=""""_blank"""">https://search.r-project.org/CRAN/refmans/wooldridge/html/school93_98.html</a>",18,0,0,0,0,0,0
modeldata,lending_club,Loan data,1037944,"tbl_df, tbl, data.frame",9857,23,"<a href=https://search.r-project.org/CRAN/refmans/modeldata/html/lending_club.html target=""""_blank"""">https://search.r-project.org/CRAN/refmans/modeldata/html/lending_club.html</a>",17,0,6,0,0,0,0
AER,GSS7402,US General Social Survey 1974-2002,1031216,data.frame,9120,10,"<a href=https://search.r-project.org/CRAN/refmans/AER/html/GSS7402.html target=""""_blank"""">https://search.r-project.org/CRAN/refmans/AER/html/GSS7402.html</a>",6,0,4,0,0,0,0
doBy,milkman_rdm1,Milk yield data for manually milked cows.,950016,data.frame,12026,12,"<a href=https://search.r-project.org/CRAN/refmans/doBy/html/milkman_rdm1.html target=""""_blank"""">https://search.r-project.org/CRAN/refmans/doBy/html/milkman_rdm1.html</a>",10,0,2,0,0,0,0
benchmarkmeData,past_results,Benchmarking results,945704,"tbl_df, tbl, data.frame",6230,15,"<a href=https://search.r-project.org/CRAN/refmans/benchmarkmeData/html/past_results.html target=""""_blank"""">https://search.r-project.org/CRAN/refmans/benchmarkmeData/html/past_results.html</a>",4,1,0,9,1,0,0
modeldata,cells,Cell body segmentation,890064,"tbl_df, tbl, data.frame",2019,58,"<a href=https://search.r-project.org/CRAN/refmans/modeldata/html/cells.html target=""""_blank"""">https://search.r-project.org/CRAN/refmans/modeldata/html/cells.html</a>",56,0,2,0,0,0,0
modeldata,stackoverflow,Annual Stack Overflow Developer Survey Data,855136,"tbl_df, tbl, data.frame",5594,21,"<a href=https://search.r-project.org/CRAN/refmans/modeldata/html/stackoverflow.html target=""""_blank"""">https://search.r-project.org/CRAN/refmans/modeldata/html/stackoverflow.html</a>",19,0,2,0,0,0,0
modeldata,leaf_id_flavia,Leaf identification data (Flavia),847928,"tbl_df, tbl, data.frame",1907,59,"<a href=https://search.r-project.org/CRAN/refmans/modeldata/html/leaf_id_flavia.html target=""""_blank"""">https://search.r-project.org/CRAN/refmans/modeldata/html/leaf_id_flavia.html</a>",50,0,9,0,0,0,0
wooldridge,census2000,census2000,831304,data.frame,29501,6,"<a href=https://search.r-project.org/CRAN/refmans/wooldridge/html/census2000.html target=""""_blank"""">https://search.r-project.org/CRAN/refmans/wooldridge/html/census2000.html</a>",5,0,1,0,0,0,0
wooldridge,twoyear,twoyear,788200,data.frame,6763,23,"<a href=https://search.r-project.org/CRAN/refmans/wooldridge/html/twoyear.html target=""""_blank"""">https://search.r-project.org/CRAN/refmans/wooldridge/html/twoyear.html</a>",23,0,0,0,0,0,0
nlme,bdf,Language scores,776648,"nfnGroupedData, nfGroupedData, groupedData, data.frame",2287,28,"<a href=https://search.r-project.org/CRAN/refmans/nlme/html/bdf.html target=""""_blank"""">https://search.r-project.org/CRAN/refmans/nlme/html/bdf.html</a>",20,0,8,0,0,0,0
modeldata,wa_churn,Watson churn data,770720,"tbl_df, tbl, data.frame",7043,20,"<a href=https://search.r-project.org/CRAN/refmans/modeldata/html/wa_churn.html target=""""_blank"""">https://search.r-project.org/CRAN/refmans/modeldata/html/wa_churn.html</a>",9,0,11,0,0,0,0
plm,Snmesp,Employment and Wages in Spain,757272,data.frame,5904,8,"<a href=https://search.r-project.org/CRAN/refmans/plm/html/Snmesp.html target=""""_blank"""">https://search.r-project.org/CRAN/refmans/plm/html/Snmesp.html</a>",8,0,0,0,0,0,0
HardyWeinberg,ABO1KG,Predicted ABO genotypes for the Expanded 1000 Genomes Project cohort,751176,data.frame,3202,12,"<a href=https://search.r-project.org/CRAN/refmans/HardyWeinberg/html/ABO1KG.html target=""""_blank"""">https://search.r-project.org/CRAN/refmans/HardyWeinberg/html/ABO1KG.html</a>",1,0,0,11,0,0,0
mosaicData,Weather,Weather,734704,"tbl_df, tbl, data.frame",3655,25,"<a href=https://search.r-project.org/CRAN/refmans/mosaicData/html/Weather.html target=""""_blank"""">https://search.r-project.org/CRAN/refmans/mosaicData/html/Weather.html</a>",21,0,0,3,1,0,0
AER,DoctorVisits,Australian Health Service Utilization Data,711048,data.frame,5190,12,"<a href=https://search.r-project.org/CRAN/refmans/AER/html/DoctorVisits.html target=""""_blank"""">https://search.r-project.org/CRAN/refmans/AER/html/DoctorVisits.html</a>",6,0,6,0,0,0,0
AER,CollegeDistance,College Distance Data,691504,data.frame,4739,14,"<a href=https://search.r-project.org/CRAN/refmans/AER/html/CollegeDistance.html target=""""_blank"""">https://search.r-project.org/CRAN/refmans/AER/html/CollegeDistance.html</a>",6,0,8,0,0,0,0
AER,NMES1988,Demand for Medical Care in NMES 1988,662032,data.frame,4406,19,"<a href=https://search.r-project.org/CRAN/refmans/AER/html/NMES1988.html target=""""_blank"""">https://search.r-project.org/CRAN/refmans/AER/html/NMES1988.html</a>",10,0,9,0,0,0,0
wooldridge,cps91,cps91,657312,data.frame,5634,24,"<a href=https://search.r-project.org/CRAN/refmans/wooldridge/html/cps91.html target=""""_blank"""">https://search.r-project.org/CRAN/refmans/wooldridge/html/cps91.html</a>",24,0,0,0,0,0,0
collapse,GGDC10S,Groningen Growth and Development Centre 10-Sector Database,656688,data.frame,5027,16,"<a href=https://search.r-project.org/CRAN/refmans/collapse/html/GGDC10S.html target=""""_blank"""">https://search.r-project.org/CRAN/refmans/collapse/html/GGDC10S.html</a>",12,0,0,4,0,0,0
plm,LaborSupply,Wages and Hours Worked,639856,data.frame,5320,7,"<a href=https://search.r-project.org/CRAN/refmans/plm/html/LaborSupply.html target=""""_blank"""">https://search.r-project.org/CRAN/refmans/plm/html/LaborSupply.html</a>",7,0,0,0,0,0,0
sentimentr,presidential_debates_2012,2012 U.S. Presidential Debates,623632,"tbl_df, tbl, data.frame",2912,5,"<a href=https://search.r-project.org/CRAN/refmans/sentimentr/html/presidential_debates_2012.html target=""""_blank"""">https://search.r-project.org/CRAN/refmans/sentimentr/html/presidential_debates_2012.html</a>",0,0,3,2,0,0,0
textreadr,presidential_debates_2012,2012 U.S. Presidential Debates,623632,"tbl_df, tbl, data.frame",2912,5,"<a href=https://search.r-project.org/CRAN/refmans/textreadr/html/presidential_debates_2012.html target=""""_blank"""">https://search.r-project.org/CRAN/refmans/textreadr/html/presidential_debates_2012.html</a>",0,0,3,2,0,0,0
ks,tempb,Daily temperature,614648,data.frame,21908,5,"<a href=https://search.r-project.org/CRAN/refmans/ks/html/tempb.html target=""""_blank"""">https://search.r-project.org/CRAN/refmans/ks/html/tempb.html</a>",5,0,0,0,0,0,0
mice,fdgs,Fifth Dutch growth study 2009,564472,data.frame,10030,8,"<a href=https://search.r-project.org/CRAN/refmans/mice/html/fdgs.html target=""""_blank"""">https://search.r-project.org/CRAN/refmans/mice/html/fdgs.html</a>",6,0,2,0,0,0,0
latticeExtra,USCancerRates,Rate of Death Due to Cancer in US Counties,556360,data.frame,3041,8,"<a href=https://search.r-project.org/CRAN/refmans/latticeExtra/html/USCancerRates.html target=""""_blank"""">https://search.r-project.org/CRAN/refmans/latticeExtra/html/USCancerRates.html</a>",6,0,1,1,0,0,0
AER,ResumeNames,Are Emily and Greg More Employable Than Lakisha and Jamal?,546392,data.frame,4870,27,"<a href=https://search.r-project.org/CRAN/refmans/AER/html/ResumeNames.html target=""""_blank"""">https://search.r-project.org/CRAN/refmans/AER/html/ResumeNames.html</a>",2,0,25,0,0,0,0
benchmarkmeData,past_results_v2,Benchmarking results,525704,"tbl_df, tbl, data.frame",3409,15,"<a href=https://search.r-project.org/CRAN/refmans/benchmarkmeData/html/past_results_v2.html target=""""_blank"""">https://search.r-project.org/CRAN/refmans/benchmarkmeData/html/past_results_v2.html</a>",4,1,0,9,1,0,0
arules,IncomeESL,The Income Data Set,517864,data.frame,8993,14,"<a href=https://search.r-project.org/CRAN/refmans/arules/html/IncomeESL.html target=""""_blank"""">https://search.r-project.org/CRAN/refmans/arules/html/IncomeESL.html</a>",0,0,14,0,0,0,0
plm,Males,Wages and Education of Young Males,513240,data.frame,4360,12,"<a href=https://search.r-project.org/CRAN/refmans/plm/html/Males.html target=""""_blank"""">https://search.r-project.org/CRAN/refmans/plm/html/Males.html</a>",5,0,7,0,0,0,0
jomo,ExamScores,Exam results for six inner London Education Authorities,508888,data.frame,4059,10,"<a href=https://search.r-project.org/CRAN/refmans/jomo/html/ExamScores.html target=""""_blank"""">https://search.r-project.org/CRAN/refmans/jomo/html/ExamScores.html</a>",4,0,6,0,0,0,0
RecordLinkage,RLdata10000,Test data for Record Linkage,504592,data.frame,10000,7,"<a href=https://search.r-project.org/CRAN/refmans/RecordLinkage/html/RLdata10000.html target=""""_blank"""">https://search.r-project.org/CRAN/refmans/RecordLinkage/html/RLdata10000.html</a>",3,0,0,4,0,0,0
textshape,hamlet,Hamlet (Complete & Split by Sentence),493960,"qdap_df, sent_split, sent_split_text_var:dialogue, data.frame",2007,7,"<a href=https://search.r-project.org/CRAN/refmans/textshape/html/hamlet.html target=""""_blank"""">https://search.r-project.org/CRAN/refmans/textshape/html/hamlet.html</a>",0,1,0,6,0,0,0
plm,Wages,Panel Data of Individual Wages,488872,data.frame,4165,12,"<a href=https://search.r-project.org/CRAN/refmans/plm/html/Wages.html target=""""_blank"""">https://search.r-project.org/CRAN/refmans/plm/html/Wages.html</a>",5,0,7,0,0,0,0
lava,twindata,Twin menarche data,465568,data.frame,4000,7,"<a href=https://search.r-project.org/CRAN/refmans/lava/html/twindata.html target=""""_blank"""">https://search.r-project.org/CRAN/refmans/lava/html/twindata.html</a>",5,1,0,1,0,0,0
AER,HealthInsurance,Medical Expenditure Panel Survey Data,464896,data.frame,8802,11,"<a href=https://search.r-project.org/CRAN/refmans/AER/html/HealthInsurance.html target=""""_blank"""">https://search.r-project.org/CRAN/refmans/AER/html/HealthInsurance.html</a>",2,0,9,0,0,0,0
vcd,Bundesliga,Ergebnisse der Fussball-Bundesliga,459496,data.frame,14018,7,"<a href=https://search.r-project.org/CRAN/refmans/vcd/html/Bundesliga.html target=""""_blank"""">https://search.r-project.org/CRAN/refmans/vcd/html/Bundesliga.html</a>",4,0,2,0,0,1,0
pan,YWC.data,A data frame for multivariate imputation,446560,data.frame,1050,40,"<a href=https://search.r-project.org/CRAN/refmans/pan/html/YWC.data.html target=""""_blank"""">https://search.r-project.org/CRAN/refmans/pan/html/YWC.data.html</a>",39,0,0,1,0,0,0
wooldridge,card,card,438416,data.frame,3010,34,"<a href=https://search.r-project.org/CRAN/refmans/wooldridge/html/card.html target=""""_blank"""">https://search.r-project.org/CRAN/refmans/wooldridge/html/card.html</a>",34,0,0,0,0,0,0
gamlss.data,brownfat,The brown fat data set,409072,data.frame,4842,14,"<a href=https://search.r-project.org/CRAN/refmans/gamlss.data/html/brownfat.html target=""""_blank"""">https://search.r-project.org/CRAN/refmans/gamlss.data/html/brownfat.html</a>",14,0,0,0,0,0,0
survival,nwtco,Data from the National Wilm's Tumor Study,404600,data.frame,4028,9,"<a href=https://search.r-project.org/CRAN/refmans/survival/html/nwtco.html target=""""_blank"""">https://search.r-project.org/CRAN/refmans/survival/html/nwtco.html</a>",8,1,0,0,0,0,0
wooldridge,driving,driving,382072,data.frame,1200,56,"<a href=https://search.r-project.org/CRAN/refmans/wooldridge/html/driving.html target=""""_blank"""">https://search.r-project.org/CRAN/refmans/wooldridge/html/driving.html</a>",56,0,0,0,0,0,0
latticeExtra,ancestry,Modal ancestry by County according to US 2000 Census,368864,data.frame,3219,5,"<a href=https://search.r-project.org/CRAN/refmans/latticeExtra/html/ancestry.html target=""""_blank"""">https://search.r-project.org/CRAN/refmans/latticeExtra/html/ancestry.html</a>",1,0,1,3,0,0,0
mice,brandsma,Brandsma school data used Snijders and Bosker (2012),363648,data.frame,4106,14,"<a href=https://search.r-project.org/CRAN/refmans/mice/html/brandsma.html target=""""_blank"""">https://search.r-project.org/CRAN/refmans/mice/html/brandsma.html</a>",14,0,0,0,0,0,0
gplots,rtPCR,Teratogenesis rtPCR data,350064,data.frame,1672,20,"<a href=https://search.r-project.org/CRAN/refmans/gplots/html/rtPCR.html target=""""_blank"""">https://search.r-project.org/CRAN/refmans/gplots/html/rtPCR.html</a>",13,0,7,0,0,0,0
nlme,Remifentanil,Pharmacokinetics of Remifentanil,331960,"nfnGroupedData, nfGroupedData, groupedData, data.frame",2107,12,"<a href=https://search.r-project.org/CRAN/refmans/nlme/html/Remifentanil.html target=""""_blank"""">https://search.r-project.org/CRAN/refmans/nlme/html/Remifentanil.html</a>",10,0,2,0,0,0,0
AER,HMDA,Home Mortgage Disclosure Act Data,331512,data.frame,2380,14,"<a href=https://search.r-project.org/CRAN/refmans/AER/html/HMDA.html target=""""_blank"""">https://search.r-project.org/CRAN/refmans/AER/html/HMDA.html</a>",4,0,10,0,0,0,0
modeldata,taxi,Chicago taxi data set,325048,"tbl_df, tbl, data.frame",10000,7,"<a href=https://search.r-project.org/CRAN/refmans/modeldata/html/taxi.html target=""""_blank"""">https://search.r-project.org/CRAN/refmans/modeldata/html/taxi.html</a>",2,0,5,0,0,0,0
plm,SumHes,"The Penn World Table, v. 5",323280,data.frame,3250,7,"<a href=https://search.r-project.org/CRAN/refmans/plm/html/SumHes.html target=""""_blank"""">https://search.r-project.org/CRAN/refmans/plm/html/SumHes.html</a>",4,0,3,0,0,0,0
nlme,MathAchieve,Mathematics achievement scores,303688,"nfnGroupedData, nfGroupedData, groupedData, data.frame",7185,6,"<a href=https://search.r-project.org/CRAN/refmans/nlme/html/MathAchieve.html target=""""_blank"""">https://search.r-project.org/CRAN/refmans/nlme/html/MathAchieve.html</a>",3,0,3,0,0,0,0
wooldridge,jtrain3,jtrain3,292208,data.frame,2675,20,"<a href=https://search.r-project.org/CRAN/refmans/wooldridge/html/jtrain3.html target=""""_blank"""">https://search.r-project.org/CRAN/refmans/wooldridge/html/jtrain3.html</a>",20,0,0,0,0,0,0
strucchange,scPublications,Structural Change Publications,289104,data.frame,835,9,"<a href=https://search.r-project.org/CRAN/refmans/strucchange/html/scPublications.html target=""""_blank"""">https://search.r-project.org/CRAN/refmans/strucchange/html/scPublications.html</a>",4,0,2,3,0,0,0
Lahman,Schools,Schools table,273656,data.frame,1207,5,"<a href=https://search.r-project.org/CRAN/refmans/Lahman/html/Schools.html target=""""_blank"""">https://search.r-project.org/CRAN/refmans/Lahman/html/Schools.html</a>",0,0,0,5,0,0,0
lexicon,key_regressive_imagery,Colin Martindale's English Regressive Imagery Dictionary,273544,"tbl_df, tbl, data.frame",3151,5,"<a href=https://search.r-project.org/CRAN/refmans/lexicon/html/key_regressive_imagery.html target=""""_blank"""">https://search.r-project.org/CRAN/refmans/lexicon/html/key_regressive_imagery.html</a>",0,0,4,1,0,0,0
ks,cardio,Foetal cardiotocograms,267008,data.frame,2126,23,"<a href=https://search.r-project.org/CRAN/refmans/ks/html/cardio.html target=""""_blank"""">https://search.r-project.org/CRAN/refmans/ks/html/cardio.html</a>",23,0,0,0,0,0,0
mosaicData,Births,US Births,265728,data.frame,7305,8,"<a href=https://search.r-project.org/CRAN/refmans/mosaicData/html/Births.html target=""""_blank"""">https://search.r-project.org/CRAN/refmans/mosaicData/html/Births.html</a>",6,0,1,0,1,0,0
timetk,FANG,"Stock prices for the """"FANG"""" stocks.",260208,"tbl_df, tbl, data.frame",4032,8,"<a href=https://search.r-project.org/CRAN/refmans/timetk/html/FANG.html target=""""_blank"""">https://search.r-project.org/CRAN/refmans/timetk/html/FANG.html</a>",6,0,0,1,1,0,0
modeldata,credit_data,Credit data,254928,data.frame,4454,14,"<a href=https://search.r-project.org/CRAN/refmans/modeldata/html/credit_data.html target=""""_blank"""">https://search.r-project.org/CRAN/refmans/modeldata/html/credit_data.html</a>",9,0,5,0,0,0,0
gamlss.data,rent,Rent data,240208,data.frame,1969,9,"<a href=https://search.r-project.org/CRAN/refmans/gamlss.data/html/rent.html target=""""_blank"""">https://search.r-project.org/CRAN/refmans/gamlss.data/html/rent.html</a>",5,0,4,0,0,0,0
wooldridge,benefits,benefits,239584,data.frame,1848,18,"<a href=https://search.r-project.org/CRAN/refmans/wooldridge/html/benefits.html target=""""_blank"""">https://search.r-project.org/CRAN/refmans/wooldridge/html/benefits.html</a>",18,0,0,0,0,0,0
plm,Parity,Purchasing Power Parity and other parity relationships,236640,data.frame,1768,9,"<a href=https://search.r-project.org/CRAN/refmans/plm/html/Parity.html target=""""_blank"""">https://search.r-project.org/CRAN/refmans/plm/html/Parity.html</a>",8,0,1,0,0,0,0
mosaicData,Gestation,Data from the Child Health and Development Studies,235392,"tbl_df, tbl, data.frame",1236,23,"<a href=https://search.r-project.org/CRAN/refmans/mosaicData/html/Gestation.html target=""""_blank"""">https://search.r-project.org/CRAN/refmans/mosaicData/html/Gestation.html</a>",10,0,0,12,1,0,0
modeldata,hpc_data,High-performance computing system data,229744,"tbl_df, tbl, data.frame",4331,8,"<a href=https://search.r-project.org/CRAN/refmans/modeldata/html/hpc_data.html target=""""_blank"""">https://search.r-project.org/CRAN/refmans/modeldata/html/hpc_data.html</a>",5,0,3,0,0,0,0
Lahman,Managers,Managers table,228488,data.frame,3786,10,"<a href=https://search.r-project.org/CRAN/refmans/Lahman/html/Managers.html target=""""_blank"""">https://search.r-project.org/CRAN/refmans/Lahman/html/Managers.html</a>",6,0,3,1,0,0,0
modeldata,cat_adoption,Cat Adoption,222608,"tbl_df, tbl, data.frame",2257,20,"<a href=https://search.r-project.org/CRAN/refmans/modeldata/html/cat_adoption.html target=""""_blank"""">https://search.r-project.org/CRAN/refmans/modeldata/html/cat_adoption.html</a>",16,0,4,0,0,0,0
insight,efc_insight,Sample dataset from the EFC Survey,219752,data.frame,908,28,"<a href=https://search.r-project.org/CRAN/refmans/insight/html/efc_insight.html target=""""_blank"""">https://search.r-project.org/CRAN/refmans/insight/html/efc_insight.html</a>",26,0,2,0,0,0,0
ISLR,OJ,Orange Juice Data,217864,data.frame,1070,18,"<a href=https://search.r-project.org/CRAN/refmans/ISLR/html/OJ.html target=""""_blank"""">https://search.r-project.org/CRAN/refmans/ISLR/html/OJ.html</a>",16,0,2,0,0,0,0
survival,rotterdam,Breast cancer data set used in Royston and Altman (2013),217704,data.frame,2982,15,"<a href=https://search.r-project.org/CRAN/refmans/survival/html/rotterdam.html target=""""_blank"""">https://search.r-project.org/CRAN/refmans/survival/html/rotterdam.html</a>",14,0,1,0,0,0,0
flexclust,auto,Automobile Customer Survey Data,216136,data.frame,793,46,"<a href=https://search.r-project.org/CRAN/refmans/flexclust/html/auto.html target=""""_blank"""">https://search.r-project.org/CRAN/refmans/flexclust/html/auto.html</a>",1,26,19,0,0,0,0
lexicon,emojis_sentiment,Emoji Sentiment Data,213976,data.frame,734,10,"<a href=https://search.r-project.org/CRAN/refmans/lexicon/html/emojis_sentiment.html target=""""_blank"""">https://search.r-project.org/CRAN/refmans/lexicon/html/emojis_sentiment.html</a>",5,0,0,5,0,0,0
sjlabelled,efc,Sample dataset from the EUROFAMCARE project,210288,data.frame,908,26,"<a href=https://search.r-project.org/CRAN/refmans/sjlabelled/html/efc.html target=""""_blank"""">https://search.r-project.org/CRAN/refmans/sjlabelled/html/efc.html</a>",26,0,0,0,0,0,0
rebmix,bearings,Bearings Faults Detection Data,208168,data.frame,1906,14,"<a href=https://search.r-project.org/CRAN/refmans/rebmix/html/bearings.html target=""""_blank"""">https://search.r-project.org/CRAN/refmans/rebmix/html/bearings.html</a>",14,0,0,0,0,0,0
wooldridge,charity,charity,206720,data.frame,4268,8,"<a href=https://search.r-project.org/CRAN/refmans/wooldridge/html/charity.html target=""""_blank"""">https://search.r-project.org/CRAN/refmans/wooldridge/html/charity.html</a>",8,0,0,0,0,0,0
gamlss.data,oil,The oil price data,203696,data.frame,1000,25,"<a href=https://search.r-project.org/CRAN/refmans/gamlss.data/html/oil.html target=""""_blank"""">https://search.r-project.org/CRAN/refmans/gamlss.data/html/oil.html</a>",25,0,0,0,0,0,0
jomo,JSPmiss,Exam results for six inner London Education Authorities,203408,data.frame,1119,8,"<a href=https://search.r-project.org/CRAN/refmans/jomo/html/JSPmiss.html target=""""_blank"""">https://search.r-project.org/CRAN/refmans/jomo/html/JSPmiss.html</a>",4,0,4,0,0,0,0
latticeExtra,biocAccess,Hourly access attempts to Bioconductor website,192424,data.frame,3623,7,"<a href=https://search.r-project.org/CRAN/refmans/latticeExtra/html/biocAccess.html target=""""_blank"""">https://search.r-project.org/CRAN/refmans/latticeExtra/html/biocAccess.html</a>",4,0,2,0,0,1,0
ks,quake,Geographical locations of earthquakes and tectonic plates,189104,data.frame,5871,5,"<a href=https://search.r-project.org/CRAN/refmans/ks/html/quake.html target=""""_blank"""">https://search.r-project.org/CRAN/refmans/ks/html/quake.html</a>",5,0,0,0,0,0,0
questionr,hdv2003,Histoire de vie 2003,188960,data.frame,2000,20,"<a href=https://search.r-project.org/CRAN/refmans/questionr/html/hdv2003.html target=""""_blank"""">https://search.r-project.org/CRAN/refmans/questionr/html/hdv2003.html</a>",5,0,15,0,0,0,0
gamlss.data,aep,The Hospital Stay Data,175200,data.frame,1383,8,"<a href=https://search.r-project.org/CRAN/refmans/gamlss.data/html/aep.html target=""""_blank"""">https://search.r-project.org/CRAN/refmans/gamlss.data/html/aep.html</a>",5,0,3,0,0,0,0
ISLR,Wage,Mid-Atlantic Wage Data,174984,data.frame,3000,11,"<a href=https://search.r-project.org/CRAN/refmans/ISLR/html/Wage.html target=""""_blank"""">https://search.r-project.org/CRAN/refmans/ISLR/html/Wage.html</a>",4,0,7,0,0,0,0
yardstick,hpc_cv,Multiclass Probability Predictions,169736,data.frame,3467,7,"<a href=https://search.r-project.org/CRAN/refmans/yardstick/html/hpc_cv.html target=""""_blank"""">https://search.r-project.org/CRAN/refmans/yardstick/html/hpc_cv.html</a>",4,0,2,1,0,0,0
datawizard,nhanes_sample,Sample dataset from the National Health and Nutrition Examination Survey,169184,"tbl_df, tbl, data.frame",2992,7,"<a href=https://search.r-project.org/CRAN/refmans/datawizard/html/nhanes_sample.html target=""""_blank"""">https://search.r-project.org/CRAN/refmans/datawizard/html/nhanes_sample.html</a>",7,0,0,0,0,0,0
mice,toenail,Toenail data,169128,data.frame,1908,5,"<a href=https://search.r-project.org/CRAN/refmans/mice/html/toenail.html target=""""_blank"""">https://search.r-project.org/CRAN/refmans/mice/html/toenail.html</a>",5,0,0,0,0,0,0
HardyWeinberg,NistSTRs,NIST autosomal STR data,161080,data.frame,361,58,"<a href=https://search.r-project.org/CRAN/refmans/HardyWeinberg/html/NistSTRs.html target=""""_blank"""">https://search.r-project.org/CRAN/refmans/HardyWeinberg/html/NistSTRs.html</a>",58,0,0,0,0,0,0
nlme,Quinidine,Quinidine Kinetics,152472,"nfnGroupedData, nfGroupedData, groupedData, data.frame",1471,14,"<a href=https://search.r-project.org/CRAN/refmans/nlme/html/Quinidine.html target=""""_blank"""">https://search.r-project.org/CRAN/refmans/nlme/html/Quinidine.html</a>",8,0,6,0,0,0,0
wooldridge,meap01,meap01,148104,data.frame,1823,11,"<a href=https://search.r-project.org/CRAN/refmans/wooldridge/html/meap01.html target=""""_blank"""">https://search.r-project.org/CRAN/refmans/wooldridge/html/meap01.html</a>",11,0,0,0,0,0,0
mlbench,Vowel,Vowel Recognition (Deterding data),147040,data.frame,990,11,"<a href=https://search.r-project.org/CRAN/refmans/mlbench/html/Vowel.html target=""""_blank"""">https://search.r-project.org/CRAN/refmans/mlbench/html/Vowel.html</a>",9,0,2,0,0,0,0
wooldridge,htv,htv,146320,data.frame,1230,23,"<a href=https://search.r-project.org/CRAN/refmans/wooldridge/html/htv.html target=""""_blank"""">https://search.r-project.org/CRAN/refmans/wooldridge/html/htv.html</a>",23,0,0,0,0,0,0
AER,Medicaid1986,Medicaid Utilization Data,141984,data.frame,996,14,"<a href=https://search.r-project.org/CRAN/refmans/AER/html/Medicaid1986.html target=""""_blank"""">https://search.r-project.org/CRAN/refmans/AER/html/Medicaid1986.html</a>",9,0,5,0,0,0,0
gamlss.data,mvi,The motor vehicle insurance data,141976,data.frame,2000,11,"<a href=https://search.r-project.org/CRAN/refmans/gamlss.data/html/mvi.html target=""""_blank"""">https://search.r-project.org/CRAN/refmans/gamlss.data/html/mvi.html</a>",6,0,5,0,0,0,0
ade4,banque,Table of Factors,135864,data.frame,810,21,"<a href=https://search.r-project.org/CRAN/refmans/ade4/html/banque.html target=""""_blank"""">https://search.r-project.org/CRAN/refmans/ade4/html/banque.html</a>",0,0,21,0,0,0,0
gclus,body,Exploring Relationships in Body Dimensions,135440,data.frame,507,25,"<a href=https://search.r-project.org/CRAN/refmans/gclus/html/body.html target=""""_blank"""">https://search.r-project.org/CRAN/refmans/gclus/html/body.html</a>",25,0,0,0,0,0,0
parsnip,model_db,parsnip model specification database,134848,"tbl_df, tbl, data.frame",105,7,"<a href=https://search.r-project.org/CRAN/refmans/parsnip/html/model_db.html target=""""_blank"""">https://search.r-project.org/CRAN/refmans/parsnip/html/model_db.html</a>",0,1,0,5,0,0,1
rattle,audit,Sample dataset to illustrate Rattle functionality.,129928,data.frame,2000,13,"<a href=https://search.r-project.org/CRAN/refmans/rattle/html/audit.html target=""""_blank"""">https://search.r-project.org/CRAN/refmans/rattle/html/audit.html</a>",7,0,6,0,0,0,0
wooldridge,fertil1,fertil1,126152,data.frame,1129,27,"<a href=https://search.r-project.org/CRAN/refmans/wooldridge/html/fertil1.html target=""""_blank"""">https://search.r-project.org/CRAN/refmans/wooldridge/html/fertil1.html</a>",27,0,0,0,0,0,0
plm,EmplUK,Employment and Wages in the United Kingdom,125176,data.frame,1031,7,"<a href=https://search.r-project.org/CRAN/refmans/plm/html/EmplUK.html target=""""_blank"""">https://search.r-project.org/CRAN/refmans/plm/html/EmplUK.html</a>",7,0,0,0,0,0,0
mlbench,Sonar,"Sonar, Mines vs. Rocks",122416,data.frame,208,61,"<a href=https://search.r-project.org/CRAN/refmans/mlbench/html/Sonar.html target=""""_blank"""">https://search.r-project.org/CRAN/refmans/mlbench/html/Sonar.html</a>",60,0,1,0,0,0,0
ordinal,soup,Discrimination study of packet soup,117624,data.frame,1847,12,"<a href=https://search.r-project.org/CRAN/refmans/ordinal/html/soup.html target=""""_blank"""">https://search.r-project.org/CRAN/refmans/ordinal/html/soup.html</a>",0,0,12,0,0,0,0
yarrr,pirateserrors,pirateserrors,112744,data.frame,1000,14,"<a href=https://search.r-project.org/CRAN/refmans/yarrr/html/pirateserrors.html target=""""_blank"""">https://search.r-project.org/CRAN/refmans/yarrr/html/pirateserrors.html</a>",8,0,0,6,0,0,0
DescTools,d.pizza,Data pizza,111904,data.frame,1209,16,"<a href=https://search.r-project.org/CRAN/refmans/DescTools/html/d.pizza.html target=""""_blank"""">https://search.r-project.org/CRAN/refmans/DescTools/html/d.pizza.html</a>",9,2,4,0,1,0,0
ipred,GlaucomaMVF,Glaucoma Database,109800,data.frame,170,67,"<a href=https://search.r-project.org/CRAN/refmans/ipred/html/GlaucomaMVF.html target=""""_blank"""">https://search.r-project.org/CRAN/refmans/ipred/html/GlaucomaMVF.html</a>",66,0,1,0,0,0,0
wooldridge,discrim,discrim,108640,data.frame,410,37,"<a href=https://search.r-project.org/CRAN/refmans/wooldridge/html/discrim.html target=""""_blank"""">https://search.r-project.org/CRAN/refmans/wooldridge/html/discrim.html</a>",37,0,0,0,0,0,0
yarrr,capture,capture,106440,data.frame,1000,10,"<a href=https://search.r-project.org/CRAN/refmans/yarrr/html/capture.html target=""""_blank"""">https://search.r-project.org/CRAN/refmans/yarrr/html/capture.html</a>",9,0,1,0,0,0,0
AER,Fatalities,US Traffic Fatalities,104672,data.frame,336,34,"<a href=https://search.r-project.org/CRAN/refmans/AER/html/Fatalities.html target=""""_blank"""">https://search.r-project.org/CRAN/refmans/AER/html/Fatalities.html</a>",29,0,5,0,0,0,0
AER,TravelMode,Travel Mode Choice Data,100776,data.frame,840,9,"<a href=https://search.r-project.org/CRAN/refmans/AER/html/TravelMode.html target=""""_blank"""">https://search.r-project.org/CRAN/refmans/AER/html/TravelMode.html</a>",6,0,3,0,0,0,0
AER,GSOEP9402,German Socio-Economic Panel 1994-2002,100112,data.frame,675,12,"<a href=https://search.r-project.org/CRAN/refmans/AER/html/GSOEP9402.html target=""""_blank"""">https://search.r-project.org/CRAN/refmans/AER/html/GSOEP9402.html</a>",7,0,5,0,0,0,0
qs,starnames,Official list of IAU Star Names,98704,data.frame,336,9,"<a href=https://search.r-project.org/CRAN/refmans/qs/html/starnames.html target=""""_blank"""">https://search.r-project.org/CRAN/refmans/qs/html/starnames.html</a>",2,0,0,7,0,0,0
survival,myeloma,Survival times of patients with multiple myeloma,94384,data.frame,3882,5,"<a href=https://search.r-project.org/CRAN/refmans/survival/html/myeloma.html target=""""_blank"""">https://search.r-project.org/CRAN/refmans/survival/html/myeloma.html</a>",5,0,0,0,0,0,0
nlme,Phenobarb,Phenobarbitol Kinetics,91600,"nfnGroupedData, nfGroupedData, groupedData, data.frame",744,7,"<a href=https://search.r-project.org/CRAN/refmans/nlme/html/Phenobarb.html target=""""_blank"""">https://search.r-project.org/CRAN/refmans/nlme/html/Phenobarb.html</a>",4,0,3,0,0,0,0
rrcov,OsloTransect,Oslo Transect Data,91336,data.frame,360,38,"<a href=https://search.r-project.org/CRAN/refmans/rrcov/html/OsloTransect.html target=""""_blank"""">https://search.r-project.org/CRAN/refmans/rrcov/html/OsloTransect.html</a>",32,0,6,0,0,0,0
AER,PhDPublications,Doctoral Publications,90016,data.frame,915,6,"<a href=https://search.r-project.org/CRAN/refmans/AER/html/PhDPublications.html target=""""_blank"""">https://search.r-project.org/CRAN/refmans/AER/html/PhDPublications.html</a>",4,0,2,0,0,0,0
flexmix,bioChemists,Articles by Graduate Students in Biochemistry Ph.D. Programs,90000,data.frame,915,6,"<a href=https://search.r-project.org/CRAN/refmans/flexmix/html/bioChemists.html target=""""_blank"""">https://search.r-project.org/CRAN/refmans/flexmix/html/bioChemists.html</a>",4,0,2,0,0,0,0
modeldata,chem_proc_yield,Chemical manufacturing process data set,89824,"tbl_df, tbl, data.frame",176,58,"<a href=https://search.r-project.org/CRAN/refmans/modeldata/html/chem_proc_yield.html target=""""_blank"""">https://search.r-project.org/CRAN/refmans/modeldata/html/chem_proc_yield.html</a>",58,0,0,0,0,0,0
wooldridge,k401k,k401k,87720,data.frame,1534,8,"<a href=https://search.r-project.org/CRAN/refmans/wooldridge/html/k401k.html target=""""_blank"""">https://search.r-project.org/CRAN/refmans/wooldridge/html/k401k.html</a>",8,0,0,0,0,0,0
rpart,solder,Soldering of Components on Printed-Circuit Boards,87584,data.frame,900,6,"<a href=https://search.r-project.org/CRAN/refmans/rpart/html/solder.html target=""""_blank"""">https://search.r-project.org/CRAN/refmans/rpart/html/solder.html</a>",1,0,5,0,0,0,0
survival,solder,Data from a soldering experiment,87584,data.frame,900,6,"<a href=https://search.r-project.org/CRAN/refmans/survival/html/solder.html target=""""_blank"""">https://search.r-project.org/CRAN/refmans/survival/html/solder.html</a>",1,0,5,0,0,0,0
ca,wg93,International Social Survey Program on Environment 1993 - western German sample,86512,data.frame,871,7,"<a href=https://search.r-project.org/CRAN/refmans/ca/html/wg93.html target=""""_blank"""">https://search.r-project.org/CRAN/refmans/ca/html/wg93.html</a>",0,0,7,0,0,0,0
maps,iso3166,ISO 3166 country codes (2 or 3 letters) and sovereignty.,85768,data.frame,269,5,"<a href=https://search.r-project.org/CRAN/refmans/maps/html/iso3166.html target=""""_blank"""">https://search.r-project.org/CRAN/refmans/maps/html/iso3166.html</a>",0,0,0,5,0,0,0
gamlss.data,Mums,Mothers encouragement data,85728,data.frame,871,7,"<a href=https://search.r-project.org/CRAN/refmans/gamlss.data/html/Mums.html target=""""_blank"""">https://search.r-project.org/CRAN/refmans/gamlss.data/html/Mums.html</a>",0,0,7,0,0,0,0
lava,semdata,Example SEM data,85128,data.frame,500,21,"<a href=https://search.r-project.org/CRAN/refmans/lava/html/semdata.html target=""""_blank"""">https://search.r-project.org/CRAN/refmans/lava/html/semdata.html</a>",21,0,0,0,0,0,0
MASS,Aids2,Australian AIDS Survival Data,83656,data.frame,2843,7,"<a href=https://search.r-project.org/CRAN/refmans/MASS/html/Aids2.html target=""""_blank"""">https://search.r-project.org/CRAN/refmans/MASS/html/Aids2.html</a>",3,0,4,0,0,0,0
mice,walking,Walking disability data,82040,data.frame,890,5,"<a href=https://search.r-project.org/CRAN/refmans/mice/html/walking.html target=""""_blank"""">https://search.r-project.org/CRAN/refmans/mice/html/walking.html</a>",1,0,4,0,0,0,0
AER,RecreationDemand,Recreation Demand Data,81672,data.frame,659,8,"<a href=https://search.r-project.org/CRAN/refmans/AER/html/RecreationDemand.html target=""""_blank"""">https://search.r-project.org/CRAN/refmans/AER/html/RecreationDemand.html</a>",6,0,2,0,0,0,0
NeuralNetTools,neuraldat,Simulated dataset for function examples,81224,data.frame,2000,5,"<a href=https://search.r-project.org/CRAN/refmans/NeuralNetTools/html/neuraldat.html target=""""_blank"""">https://search.r-project.org/CRAN/refmans/NeuralNetTools/html/neuraldat.html</a>",5,0,0,0,0,0,0
AER,HousePrices,"House Prices in the City of Windsor, Canada",79472,data.frame,546,12,"<a href=https://search.r-project.org/CRAN/refmans/AER/html/HousePrices.html target=""""_blank"""">https://search.r-project.org/CRAN/refmans/AER/html/HousePrices.html</a>",6,0,6,0,0,0,0
wooldridge,volat,volat,78784,data.frame,558,17,"<a href=https://search.r-project.org/CRAN/refmans/wooldridge/html/volat.html target=""""_blank"""">https://search.r-project.org/CRAN/refmans/wooldridge/html/volat.html</a>",17,0,0,0,0,0,0
wooldridge,voucher,voucher,78464,data.frame,990,19,"<a href=https://search.r-project.org/CRAN/refmans/wooldridge/html/voucher.html target=""""_blank"""">https://search.r-project.org/CRAN/refmans/wooldridge/html/voucher.html</a>",19,0,0,0,0,0,0
wooldridge,econmath,econmath,78000,data.frame,856,17,"<a href=https://search.r-project.org/CRAN/refmans/wooldridge/html/econmath.html target=""""_blank"""">https://search.r-project.org/CRAN/refmans/wooldridge/html/econmath.html</a>",17,0,0,0,0,0,0
RobStatTM,image,Image data,76832,data.frame,1573,6,"<a href=https://search.r-project.org/CRAN/refmans/RobStatTM/html/image.html target=""""_blank"""">https://search.r-project.org/CRAN/refmans/RobStatTM/html/image.html</a>",6,0,0,0,0,0,0
mitml,leadership,Example data set on leadership style and job satisfaction,76728,data.frame,750,5,"<a href=https://search.r-project.org/CRAN/refmans/mitml/html/leadership.html target=""""_blank"""">https://search.r-project.org/CRAN/refmans/mitml/html/leadership.html</a>",4,0,1,0,0,0,0
VIM,pulplignin,Pulp lignin content,76456,data.frame,301,23,"<a href=https://search.r-project.org/CRAN/refmans/VIM/html/pulplignin.html target=""""_blank"""">https://search.r-project.org/CRAN/refmans/VIM/html/pulplignin.html</a>",22,0,0,1,0,0,0
lava,brisa,Simulated data,75712,data.frame,500,21,"<a href=https://search.r-project.org/CRAN/refmans/lava/html/brisa.html target=""""_blank"""">https://search.r-project.org/CRAN/refmans/lava/html/brisa.html</a>",20,0,1,0,0,0,0
AER,PSID1982,PSID Earnings Data 1982,75304,data.frame,595,12,"<a href=https://search.r-project.org/CRAN/refmans/AER/html/PSID1982.html target=""""_blank"""">https://search.r-project.org/CRAN/refmans/AER/html/PSID1982.html</a>",4,0,8,0,0,0,0
MASS,nlschools,Eighth-Grade Pupils in the Netherlands,74792,data.frame,2287,6,"<a href=https://search.r-project.org/CRAN/refmans/MASS/html/nlschools.html target=""""_blank"""">https://search.r-project.org/CRAN/refmans/MASS/html/nlschools.html</a>",4,0,2,0,0,0,0
mosaicData,HELPrct,Health Evaluation and Linkage to Primary Care,74232,data.frame,453,30,"<a href=https://search.r-project.org/CRAN/refmans/mosaicData/html/HELPrct.html target=""""_blank"""">https://search.r-project.org/CRAN/refmans/mosaicData/html/HELPrct.html</a>",21,0,9,0,0,0,0
ggdist,RankCorr_u_tau,Thinned subset of posterior sample from a Bayesian analysis of perception of correlation.,73232,data.frame,3000,5,"<a href=https://search.r-project.org/CRAN/refmans/ggdist/html/RankCorr_u_tau.html target=""""_blank"""">https://search.r-project.org/CRAN/refmans/ggdist/html/RankCorr_u_tau.html</a>",5,0,0,0,0,0,0
mosaicData,HELPmiss,Health Evaluation and Linkage to Primary Care,72072,data.frame,470,28,"<a href=https://search.r-project.org/CRAN/refmans/mosaicData/html/HELPmiss.html target=""""_blank"""">https://search.r-project.org/CRAN/refmans/mosaicData/html/HELPmiss.html</a>",19,0,9,0,0,0,0
VIM,colic,Colic horse data set,72040,data.frame,300,31,"<a href=https://search.r-project.org/CRAN/refmans/VIM/html/colic.html target=""""_blank"""">https://search.r-project.org/CRAN/refmans/VIM/html/colic.html</a>",19,0,12,0,0,0,0
modeldata,biomass,Biomass data,71888,data.frame,536,8,"<a href=https://search.r-project.org/CRAN/refmans/modeldata/html/biomass.html target=""""_blank"""">https://search.r-project.org/CRAN/refmans/modeldata/html/biomass.html</a>",6,0,0,2,0,0,0
wooldridge,apple,apple,70912,data.frame,660,17,"<a href=https://search.r-project.org/CRAN/refmans/wooldridge/html/apple.html target=""""_blank"""">https://search.r-project.org/CRAN/refmans/wooldridge/html/apple.html</a>",15,0,0,2,0,0,0
flexmix,dmft,Dental Data,70056,data.frame,797,5,"<a href=https://search.r-project.org/CRAN/refmans/flexmix/html/dmft.html target=""""_blank"""">https://search.r-project.org/CRAN/refmans/flexmix/html/dmft.html</a>",2,0,3,0,0,0,0
mlbench,HouseVotes84,United States Congressional Voting Records 1984,68848,data.frame,435,17,"<a href=https://search.r-project.org/CRAN/refmans/mlbench/html/HouseVotes84.html target=""""_blank"""">https://search.r-project.org/CRAN/refmans/mlbench/html/HouseVotes84.html</a>",0,0,17,0,0,0,0
FactoMineR,tea,tea (data),68048,data.frame,300,36,"<a href=https://search.r-project.org/CRAN/refmans/FactoMineR/html/tea.html target=""""_blank"""">https://search.r-project.org/CRAN/refmans/FactoMineR/html/tea.html</a>",1,0,35,0,0,0,0
flexclust,btw2002,German Parliament Election Data,67624,data.frame,299,17,"<a href=https://search.r-project.org/CRAN/refmans/flexclust/html/btw2002.html target=""""_blank"""">https://search.r-project.org/CRAN/refmans/flexclust/html/btw2002.html</a>",16,0,1,0,0,0,0
flexclust,btw2005,German Parliament Election Data,67624,data.frame,299,17,"<a href=https://search.r-project.org/CRAN/refmans/flexclust/html/btw2005.html target=""""_blank"""">https://search.r-project.org/CRAN/refmans/flexclust/html/btw2005.html</a>",16,0,1,0,0,0,0
mice,toenail2,Toenail data,67304,data.frame,1908,5,"<a href=https://search.r-project.org/CRAN/refmans/mice/html/toenail2.html target=""""_blank"""">https://search.r-project.org/CRAN/refmans/mice/html/toenail2.html</a>",2,0,3,0,0,0,0
yarrr,auction,auction,65968,data.frame,1000,8,"<a href=https://search.r-project.org/CRAN/refmans/yarrr/html/auction.html target=""""_blank"""">https://search.r-project.org/CRAN/refmans/yarrr/html/auction.html</a>",6,0,0,2,0,0,0
boot,aids,Delay in AIDS Reporting in England and Wales,65160,data.frame,570,6,"<a href=https://search.r-project.org/CRAN/refmans/boot/html/aids.html target=""""_blank"""">https://search.r-project.org/CRAN/refmans/boot/html/aids.html</a>",6,0,0,0,0,0,0
DescTools,d.countries,ISO 3166-1 Country Codes,64216,data.frame,249,9,"<a href=https://search.r-project.org/CRAN/refmans/DescTools/html/d.countries.html target=""""_blank"""">https://search.r-project.org/CRAN/refmans/DescTools/html/d.countries.html</a>",5,0,0,4,0,0,0
robustbase,radarImage,Satellite Radar Image Data from near Munich,64144,data.frame,1573,5,"<a href=https://search.r-project.org/CRAN/refmans/robustbase/html/radarImage.html target=""""_blank"""">https://search.r-project.org/CRAN/refmans/robustbase/html/radarImage.html</a>",5,0,0,0,0,0,0
AER,USSeatBelts,Effects of Mandatory Seat Belt Laws in the US,61824,data.frame,765,12,"<a href=https://search.r-project.org/CRAN/refmans/AER/html/USSeatBelts.html target=""""_blank"""">https://search.r-project.org/CRAN/refmans/AER/html/USSeatBelts.html</a>",5,0,7,0,0,0,0
TH.data,mn6.9,I.Q. and attitude towards science,61376,data.frame,2982,5,"<a href=https://search.r-project.org/CRAN/refmans/TH.data/html/mn6.9.html target=""""_blank"""">https://search.r-project.org/CRAN/refmans/TH.data/html/mn6.9.html</a>",4,0,1,0,0,0,0
gamlss.data,hodges,Hodges data,61240,data.frame,341,6,"<a href=https://search.r-project.org/CRAN/refmans/gamlss.data/html/hodges.html target=""""_blank"""">https://search.r-project.org/CRAN/refmans/gamlss.data/html/hodges.html</a>",4,0,2,0,0,0,0
mitml,studentratings,Example data set on student ratings and achievement,59568,data.frame,750,10,"<a href=https://search.r-project.org/CRAN/refmans/mitml/html/studentratings.html target=""""_blank"""">https://search.r-project.org/CRAN/refmans/mitml/html/studentratings.html</a>",8,0,1,1,0,0,0
archdata,Handaxes,"Lower Paleolithic handaxes from Furze Platt, Maidenhead, Berkshire, England",59424,data.frame,600,8,"<a href=https://search.r-project.org/CRAN/refmans/archdata/html/Handaxes.html target=""""_blank"""">https://search.r-project.org/CRAN/refmans/archdata/html/Handaxes.html</a>",7,0,0,1,0,0,0
wooldridge,cement,cement,59368,data.frame,312,30,"<a href=https://search.r-project.org/CRAN/refmans/wooldridge/html/cement.html target=""""_blank"""">https://search.r-project.org/CRAN/refmans/wooldridge/html/cement.html</a>",30,0,0,0,0,0,0
mice,popmis,Hox pupil popularity data with missing popularity scores,57472,data.frame,2000,7,"<a href=https://search.r-project.org/CRAN/refmans/mice/html/popmis.html target=""""_blank"""">https://search.r-project.org/CRAN/refmans/mice/html/popmis.html</a>",7,0,0,0,0,0,0
wooldridge,jtrain98,jtrain98,57104,data.frame,1130,10,"<a href=https://search.r-project.org/CRAN/refmans/wooldridge/html/jtrain98.html target=""""_blank"""">https://search.r-project.org/CRAN/refmans/wooldridge/html/jtrain98.html</a>",10,0,0,0,0,0,0
gamlss.data,ultra,Ultrasound data,56192,data.frame,1038,8,"<a href=https://search.r-project.org/CRAN/refmans/gamlss.data/html/ultra.html target=""""_blank"""">https://search.r-project.org/CRAN/refmans/gamlss.data/html/ultra.html</a>",7,0,1,0,0,0,0
prabclus,tetragonula,Microsatellite genetic data of Tetragonula bees,55488,data.frame,236,13,"<a href=https://search.r-project.org/CRAN/refmans/prabclus/html/tetragonula.html target=""""_blank"""">https://search.r-project.org/CRAN/refmans/prabclus/html/tetragonula.html</a>",0,0,0,13,0,0,0
MASS,Boston,Housing Values in Suburbs of Boston,54944,data.frame,506,14,"<a href=https://search.r-project.org/CRAN/refmans/MASS/html/Boston.html target=""""_blank"""">https://search.r-project.org/CRAN/refmans/MASS/html/Boston.html</a>",14,0,0,0,0,0,0
doBy,carcassall,Lean meat contents of 344 pig carcasses,53848,data.frame,344,18,"<a href=https://search.r-project.org/CRAN/refmans/doBy/html/carcassall.html target=""""_blank"""">https://search.r-project.org/CRAN/refmans/doBy/html/carcassall.html</a>",15,0,3,0,0,0,0
DescTools,d.periodic,Periodic Table of Elements,49448,data.frame,110,24,"<a href=https://search.r-project.org/CRAN/refmans/DescTools/html/d.periodic.html target=""""_blank"""">https://search.r-project.org/CRAN/refmans/DescTools/html/d.periodic.html</a>",18,0,3,3,0,0,0
rpart,car90,Automobile Data from 'Consumer Reports' 1990,49304,data.frame,111,34,"<a href=https://search.r-project.org/CRAN/refmans/rpart/html/car90.html target=""""_blank"""">https://search.r-project.org/CRAN/refmans/rpart/html/car90.html</a>",25,0,9,0,0,0,0
mice,boys,Growth of Dutch boys,48992,data.frame,748,9,"<a href=https://search.r-project.org/CRAN/refmans/mice/html/boys.html target=""""_blank"""">https://search.r-project.org/CRAN/refmans/mice/html/boys.html</a>",6,0,3,0,0,0,0
wooldridge,hprice2,hprice2,48920,data.frame,506,12,"<a href=https://search.r-project.org/CRAN/refmans/wooldridge/html/hprice2.html target=""""_blank"""">https://search.r-project.org/CRAN/refmans/wooldridge/html/hprice2.html</a>",12,0,0,0,0,0,0
flexclust,btw2009,German Parliament Election Data,48312,data.frame,299,17,"<a href=https://search.r-project.org/CRAN/refmans/flexclust/html/btw2009.html target=""""_blank"""">https://search.r-project.org/CRAN/refmans/flexclust/html/btw2009.html</a>",16,0,1,0,0,0,0
boot,channing,Channing House Data,47928,data.frame,462,5,"<a href=https://search.r-project.org/CRAN/refmans/boot/html/channing.html target=""""_blank"""">https://search.r-project.org/CRAN/refmans/boot/html/channing.html</a>",4,0,1,0,0,0,0
wooldridge,jtrain2,jtrain2,47696,data.frame,445,19,"<a href=https://search.r-project.org/CRAN/refmans/wooldridge/html/jtrain2.html target=""""_blank"""">https://search.r-project.org/CRAN/refmans/wooldridge/html/jtrain2.html</a>",19,0,0,0,0,0,0
cluster,plantTraits,Plant Species Traits Data,47496,data.frame,136,31,"<a href=https://search.r-project.org/CRAN/refmans/cluster/html/plantTraits.html target=""""_blank"""">https://search.r-project.org/CRAN/refmans/cluster/html/plantTraits.html</a>",3,0,28,0,0,0,0
wooldridge,smoke,smoke,47384,data.frame,807,10,"<a href=https://search.r-project.org/CRAN/refmans/wooldridge/html/smoke.html target=""""_blank"""">https://search.r-project.org/CRAN/refmans/wooldridge/html/smoke.html</a>",10,0,0,0,0,0,0
mosaicData,Galton,Galton's dataset of parent and child heights,47160,data.frame,898,6,"<a href=https://search.r-project.org/CRAN/refmans/mosaicData/html/Galton.html target=""""_blank"""">https://search.r-project.org/CRAN/refmans/mosaicData/html/Galton.html</a>",4,0,2,0,0,0,0
mitml,justice,Example data set on employees' justice perceptions and satisfaction,46536,data.frame,1400,5,"<a href=https://search.r-project.org/CRAN/refmans/mitml/html/justice.html target=""""_blank"""">https://search.r-project.org/CRAN/refmans/mitml/html/justice.html</a>",4,0,1,0,0,0,0
lava,bmidata,Data,46072,data.frame,552,10,"<a href=https://search.r-project.org/CRAN/refmans/lava/html/bmidata.html target=""""_blank"""">https://search.r-project.org/CRAN/refmans/lava/html/bmidata.html</a>",10,0,0,0,0,0,0
cvms,predicted.musicians,Predicted musician groups,46000,"tbl_df, tbl, data.frame",540,10,"<a href=https://search.r-project.org/CRAN/refmans/cvms/html/predicted.musicians.html target=""""_blank"""">https://search.r-project.org/CRAN/refmans/cvms/html/predicted.musicians.html</a>",5,0,1,4,0,0,0
jomo,cldata,A simulated clustered dataset,45968,data.frame,1000,6,"<a href=https://search.r-project.org/CRAN/refmans/jomo/html/cldata.html target=""""_blank"""">https://search.r-project.org/CRAN/refmans/jomo/html/cldata.html</a>",5,0,1,0,0,0,0
wooldridge,attend,attend,45776,data.frame,680,11,"<a href=https://search.r-project.org/CRAN/refmans/wooldridge/html/attend.html target=""""_blank"""">https://search.r-project.org/CRAN/refmans/wooldridge/html/attend.html</a>",11,0,0,0,0,0,0
robustbase,ambientNOxCH,Daily Means of NOx (mono-nitrogen oxides) in air,43536,data.frame,366,14,"<a href=https://search.r-project.org/CRAN/refmans/robustbase/html/ambientNOxCH.html target=""""_blank"""">https://search.r-project.org/CRAN/refmans/robustbase/html/ambientNOxCH.html</a>",13,0,0,0,1,0,0
archdata,Michelsberg,Younger Neolithic Pottery from Central Europe,43344,data.frame,109,42,"<a href=https://search.r-project.org/CRAN/refmans/archdata/html/Michelsberg.html target=""""_blank"""">https://search.r-project.org/CRAN/refmans/archdata/html/Michelsberg.html</a>",40,0,1,1,0,0,0
wooldridge,nyse,nyse,43296,data.frame,691,8,"<a href=https://search.r-project.org/CRAN/refmans/wooldridge/html/nyse.html target=""""_blank"""">https://search.r-project.org/CRAN/refmans/wooldridge/html/nyse.html</a>",8,0,0,0,0,0,0
lava,serotonin,Serotonin data,43008,data.frame,250,20,"<a href=https://search.r-project.org/CRAN/refmans/lava/html/serotonin.html target=""""_blank"""">https://search.r-project.org/CRAN/refmans/lava/html/serotonin.html</a>",20,0,0,0,0,0,0
wooldridge,hprice3,hprice3,42968,data.frame,321,19,"<a href=https://search.r-project.org/CRAN/refmans/wooldridge/html/hprice3.html target=""""_blank"""">https://search.r-project.org/CRAN/refmans/wooldridge/html/hprice3.html</a>",19,0,0,0,0,0,0
survival,rhDNase,rhDNASE data set,41920,data.frame,767,8,"<a href=https://search.r-project.org/CRAN/refmans/survival/html/rhDNase.html target=""""_blank"""">https://search.r-project.org/CRAN/refmans/survival/html/rhDNase.html</a>",6,0,0,0,2,0,0
lava,serotonin2,Data,40888,data.frame,250,19,"<a href=https://search.r-project.org/CRAN/refmans/lava/html/serotonin2.html target=""""_blank"""">https://search.r-project.org/CRAN/refmans/lava/html/serotonin2.html</a>",19,0,0,0,0,0,0
TH.data,mammoexp,Mammography Experience Study,40680,data.frame,412,6,"<a href=https://search.r-project.org/CRAN/refmans/TH.data/html/mammoexp.html target=""""_blank"""">https://search.r-project.org/CRAN/refmans/TH.data/html/mammoexp.html</a>",1,0,5,0,0,0,0
RecordLinkage,RLdata500,Test data for Record Linkage,39920,data.frame,500,7,"<a href=https://search.r-project.org/CRAN/refmans/RecordLinkage/html/RLdata500.html target=""""_blank"""">https://search.r-project.org/CRAN/refmans/RecordLinkage/html/RLdata500.html</a>",3,0,0,4,0,0,0
VIM,tao,Tropical Atmosphere Ocean (TAO) project data,39896,data.frame,736,8,"<a href=https://search.r-project.org/CRAN/refmans/VIM/html/tao.html target=""""_blank"""">https://search.r-project.org/CRAN/refmans/VIM/html/tao.html</a>",8,0,0,0,0,0,0
AER,OECDGas,Gasoline Consumption Data,38440,data.frame,342,6,"<a href=https://search.r-project.org/CRAN/refmans/AER/html/OECDGas.html target=""""_blank"""">https://search.r-project.org/CRAN/refmans/AER/html/OECDGas.html</a>",5,0,1,0,0,0,0
multcomp,adevent,Adverse Events Data,37720,data.frame,160,29,"<a href=https://search.r-project.org/CRAN/refmans/multcomp/html/adevent.html target=""""_blank"""">https://search.r-project.org/CRAN/refmans/multcomp/html/adevent.html</a>",0,0,29,0,0,0,0
wooldridge,ezunem,ezunem,36976,data.frame,198,37,"<a href=https://search.r-project.org/CRAN/refmans/wooldridge/html/ezunem.html target=""""_blank"""">https://search.r-project.org/CRAN/refmans/wooldridge/html/ezunem.html</a>",37,0,0,0,0,0,0
strucchange,Grossarl,"Marriages, Births and Deaths in Grossarl",36400,data.frame,200,10,"<a href=https://search.r-project.org/CRAN/refmans/strucchange/html/Grossarl.html target=""""_blank"""">https://search.r-project.org/CRAN/refmans/strucchange/html/Grossarl.html</a>",7,0,3,0,0,0,0
gclus,ozone,"Ozone data from Breiman and Friedman, 1985",36112,data.frame,330,9,"<a href=https://search.r-project.org/CRAN/refmans/gclus/html/ozone.html target=""""_blank"""">https://search.r-project.org/CRAN/refmans/gclus/html/ozone.html</a>",9,0,0,0,0,0,0
doBy,personality,Personality traits,35168,data.frame,240,32,"<a href=https://search.r-project.org/CRAN/refmans/doBy/html/personality.html target=""""_blank"""">https://search.r-project.org/CRAN/refmans/doBy/html/personality.html</a>",32,0,0,0,0,0,0
dslabs,mice_weights,Mice weights,34936,data.frame,780,7,"<a href=https://search.r-project.org/CRAN/refmans/dslabs/html/mice_weights.html target=""""_blank"""">https://search.r-project.org/CRAN/refmans/dslabs/html/mice_weights.html</a>",3,0,4,0,0,0,0
wooldridge,traffic2,traffic2,34312,data.frame,108,48,"<a href=https://search.r-project.org/CRAN/refmans/wooldridge/html/traffic2.html target=""""_blank"""">https://search.r-project.org/CRAN/refmans/wooldridge/html/traffic2.html</a>",48,0,0,0,0,0,0
RobStatTM,bus,Bus data,34160,data.frame,218,18,"<a href=https://search.r-project.org/CRAN/refmans/RobStatTM/html/bus.html target=""""_blank"""">https://search.r-project.org/CRAN/refmans/RobStatTM/html/bus.html</a>",18,0,0,0,0,0,0
rrcov,bus,Automatic vehicle recognition data,34160,data.frame,218,18,"<a href=https://search.r-project.org/CRAN/refmans/rrcov/html/bus.html target=""""_blank"""">https://search.r-project.org/CRAN/refmans/rrcov/html/bus.html</a>",18,0,0,0,0,0,0
gamlss.data,InfMort,Infant Mortality Data,33944,data.frame,399,11,"<a href=https://search.r-project.org/CRAN/refmans/gamlss.data/html/InfMort.html target=""""_blank"""">https://search.r-project.org/CRAN/refmans/gamlss.data/html/InfMort.html</a>",11,0,0,0,0,0,0
wooldridge,nbasal,nbasal,33712,data.frame,269,22,"<a href=https://search.r-project.org/CRAN/refmans/wooldridge/html/nbasal.html target=""""_blank"""">https://search.r-project.org/CRAN/refmans/wooldridge/html/nbasal.html</a>",22,0,0,0,0,0,0
gdata,MedUnits,Table of conversions between Intertional Standard (SI) and US 'Conventional' Units for common medical measurements.,33488,data.frame,167,5,"<a href=https://search.r-project.org/CRAN/refmans/gdata/html/MedUnits.html target=""""_blank"""">https://search.r-project.org/CRAN/refmans/gdata/html/MedUnits.html</a>",1,0,0,4,0,0,0
MASS,OME,Tests of Auditory Perception in Children with OME,33320,data.frame,1097,7,"<a href=https://search.r-project.org/CRAN/refmans/MASS/html/OME.html target=""""_blank"""">https://search.r-project.org/CRAN/refmans/MASS/html/OME.html</a>",5,0,2,0,0,0,0
strucchange,GermanM1,German M1 Money Demand,33208,data.frame,140,14,"<a href=https://search.r-project.org/CRAN/refmans/strucchange/html/GermanM1.html target=""""_blank"""">https://search.r-project.org/CRAN/refmans/strucchange/html/GermanM1.html</a>",13,0,1,0,0,0,0
survival,transplant,Liver transplant waiting list,32488,data.frame,815,6,"<a href=https://search.r-project.org/CRAN/refmans/survival/html/transplant.html target=""""_blank"""">https://search.r-project.org/CRAN/refmans/survival/html/transplant.html</a>",3,0,3,0,0,0,0
AER,CartelStability,CartelStability,32456,data.frame,328,5,"<a href=https://search.r-project.org/CRAN/refmans/AER/html/CartelStability.html target=""""_blank"""">https://search.r-project.org/CRAN/refmans/AER/html/CartelStability.html</a>",2,0,3,0,0,0,0
survival,gbsg,Breast cancer data sets used in Royston and Altman (2013),32192,data.frame,686,11,"<a href=https://search.r-project.org/CRAN/refmans/survival/html/gbsg.html target=""""_blank"""">https://search.r-project.org/CRAN/refmans/survival/html/gbsg.html</a>",11,0,0,0,0,0,0
wooldridge,pntsprd,pntsprd,31160,data.frame,553,12,"<a href=https://search.r-project.org/CRAN/refmans/wooldridge/html/pntsprd.html target=""""_blank"""">https://search.r-project.org/CRAN/refmans/wooldridge/html/pntsprd.html</a>",12,0,0,0,0,0,0
nlme,MathAchSchool,School demographic data for MathAchieve,30392,data.frame,160,7,"<a href=https://search.r-project.org/CRAN/refmans/nlme/html/MathAchSchool.html target=""""_blank"""">https://search.r-project.org/CRAN/refmans/nlme/html/MathAchSchool.html</a>",4,0,3,0,0,0,0
beeswarm,breast,Lymph-node-negative primary breast tumors,30344,data.frame,286,5,"<a href=https://search.r-project.org/CRAN/refmans/beeswarm/html/breast.html target=""""_blank"""">https://search.r-project.org/CRAN/refmans/beeswarm/html/breast.html</a>",4,0,1,0,0,0,0
klaR,B3,West German Business Cycles 1955-1994,29968,data.frame,157,14,"<a href=https://search.r-project.org/CRAN/refmans/klaR/html/B3.html target=""""_blank"""">https://search.r-project.org/CRAN/refmans/klaR/html/B3.html</a>",13,0,1,0,0,0,0
modeldata,ischemic_stroke,Clinical data used to predict ischemic stroke,29848,"tbl_df, tbl, data.frame",126,29,"<a href=https://search.r-project.org/CRAN/refmans/modeldata/html/ischemic_stroke.html target=""""_blank"""">https://search.r-project.org/CRAN/refmans/modeldata/html/ischemic_stroke.html</a>",28,0,1,0,0,0,0
lava,nsem,Example SEM data (nonlinear),29464,data.frame,500,7,"<a href=https://search.r-project.org/CRAN/refmans/lava/html/nsem.html target=""""_blank"""">https://search.r-project.org/CRAN/refmans/lava/html/nsem.html</a>",7,0,0,0,0,0,0
gamlss.data,plasma,The plasma data set,29280,data.frame,315,14,"<a href=https://search.r-project.org/CRAN/refmans/gamlss.data/html/plasma.html target=""""_blank"""">https://search.r-project.org/CRAN/refmans/gamlss.data/html/plasma.html</a>",11,0,3,0,0,0,0
rrcov,olitos,Olive Oil Data,28848,data.frame,120,26,"<a href=https://search.r-project.org/CRAN/refmans/rrcov/html/olitos.html target=""""_blank"""">https://search.r-project.org/CRAN/refmans/rrcov/html/olitos.html</a>",25,0,1,0,0,0,0
ade4,apis108,Allelic frequencies in ten honeybees populations at eight microsatellites loci,28520,data.frame,180,10,"<a href=https://search.r-project.org/CRAN/refmans/ade4/html/apis108.html target=""""_blank"""">https://search.r-project.org/CRAN/refmans/ade4/html/apis108.html</a>",10,0,0,0,0,0,0
wooldridge,meapsingle,meapsingle,28456,data.frame,229,18,"<a href=https://search.r-project.org/CRAN/refmans/wooldridge/html/meapsingle.html target=""""_blank"""">https://search.r-project.org/CRAN/refmans/wooldridge/html/meapsingle.html</a>",18,0,0,0,0,0,0
gains,ciaScores,Cell Phones per Country with Predictions,28072,data.frame,194,9,"<a href=https://search.r-project.org/CRAN/refmans/gains/html/ciaScores.html target=""""_blank"""">https://search.r-project.org/CRAN/refmans/gains/html/ciaScores.html</a>",8,0,1,0,0,0,0
ipred,dystrophy,Detection of muscular dystrophy carriers.,26680,data.frame,209,10,"<a href=https://search.r-project.org/CRAN/refmans/ipred/html/dystrophy.html target=""""_blank"""">https://search.r-project.org/CRAN/refmans/ipred/html/dystrophy.html</a>",9,0,1,0,0,0,0
wooldridge,intqrt,intqrt,26440,data.frame,124,23,"<a href=https://search.r-project.org/CRAN/refmans/wooldridge/html/intqrt.html target=""""_blank"""">https://search.r-project.org/CRAN/refmans/wooldridge/html/intqrt.html</a>",23,0,0,0,0,0,0
archdata,TRBPottery,Neolithic TRB Pottery from Demark,26360,data.frame,118,17,"<a href=https://search.r-project.org/CRAN/refmans/archdata/html/TRBPottery.html target=""""_blank"""">https://search.r-project.org/CRAN/refmans/archdata/html/TRBPottery.html</a>",16,0,1,0,0,0,0
wooldridge,barium,barium,26160,data.frame,131,31,"<a href=https://search.r-project.org/CRAN/refmans/wooldridge/html/barium.html target=""""_blank"""">https://search.r-project.org/CRAN/refmans/wooldridge/html/barium.html</a>",31,0,0,0,0,0,0
boot,melanoma,Survival from Malignant Melanoma,26064,data.frame,205,7,"<a href=https://search.r-project.org/CRAN/refmans/boot/html/melanoma.html target=""""_blank"""">https://search.r-project.org/CRAN/refmans/boot/html/melanoma.html</a>",7,0,0,0,0,0,0
urca,npext,Nelson and Plosser extended data set,25680,data.frame,129,15,"<a href=https://search.r-project.org/CRAN/refmans/urca/html/npext.html target=""""_blank"""">https://search.r-project.org/CRAN/refmans/urca/html/npext.html</a>",15,0,0,0,0,0,0
MASS,cpus,Performance of Computer CPUs,25592,data.frame,209,9,"<a href=https://search.r-project.org/CRAN/refmans/MASS/html/cpus.html target=""""_blank"""">https://search.r-project.org/CRAN/refmans/MASS/html/cpus.html</a>",8,0,1,0,0,0,0
wooldridge,rental,rental,25152,data.frame,128,23,"<a href=https://search.r-project.org/CRAN/refmans/wooldridge/html/rental.html target=""""_blank"""">https://search.r-project.org/CRAN/refmans/wooldridge/html/rental.html</a>",23,0,0,0,0,0,0
strucchange,historyM1,German M1 Money Demand,24848,data.frame,118,14,"<a href=https://search.r-project.org/CRAN/refmans/strucchange/html/historyM1.html target=""""_blank"""">https://search.r-project.org/CRAN/refmans/strucchange/html/historyM1.html</a>",13,0,1,0,0,0,0
rrcov,machines,Computer Hardware,24128,data.frame,209,8,"<a href=https://search.r-project.org/CRAN/refmans/rrcov/html/machines.html target=""""_blank"""">https://search.r-project.org/CRAN/refmans/rrcov/html/machines.html</a>",8,0,0,0,0,0,0
nlme,Earthquake,Earthquake Intensity,23872,"nfnGroupedData, nfGroupedData, groupedData, data.frame",182,5,"<a href=https://search.r-project.org/CRAN/refmans/nlme/html/Earthquake.html target=""""_blank"""">https://search.r-project.org/CRAN/refmans/nlme/html/Earthquake.html</a>",3,0,2,0,0,0,0
survival,heart,Stanford Heart Transplant data,23408,data.frame,172,8,"<a href=https://search.r-project.org/CRAN/refmans/survival/html/heart.html target=""""_blank"""">https://search.r-project.org/CRAN/refmans/survival/html/heart.html</a>",7,0,1,0,0,0,0
mosaicData,Births2015,US Births,23168,data.frame,365,8,"<a href=https://search.r-project.org/CRAN/refmans/mosaicData/html/Births2015.html target=""""_blank"""">https://search.r-project.org/CRAN/refmans/mosaicData/html/Births2015.html</a>",6,0,1,0,1,0,0
survival,udca,Data from a trial of usrodeoxycholic acid,23096,data.frame,170,15,"<a href=https://search.r-project.org/CRAN/refmans/survival/html/udca.html target=""""_blank"""">https://search.r-project.org/CRAN/refmans/survival/html/udca.html</a>",5,0,0,0,10,0,0
nlme,Soybean,Growth of soybean plants,22784,"nfnGroupedData, nfGroupedData, groupedData, data.frame",412,5,"<a href=https://search.r-project.org/CRAN/refmans/nlme/html/Soybean.html target=""""_blank"""">https://search.r-project.org/CRAN/refmans/nlme/html/Soybean.html</a>",2,0,3,0,0,0,0
lava,indoorenv,Data,22728,data.frame,200,13,"<a href=https://search.r-project.org/CRAN/refmans/lava/html/indoorenv.html target=""""_blank"""">https://search.r-project.org/CRAN/refmans/lava/html/indoorenv.html</a>",12,0,1,0,0,0,0
wooldridge,slp75_81,slp75_81,22520,data.frame,239,20,"<a href=https://search.r-project.org/CRAN/refmans/wooldridge/html/slp75_81.html target=""""_blank"""">https://search.r-project.org/CRAN/refmans/wooldridge/html/slp75_81.html</a>",20,0,0,0,0,0,0
urca,nporg,Nelson and Plosser original data set,22400,data.frame,111,15,"<a href=https://search.r-project.org/CRAN/refmans/urca/html/nporg.html target=""""_blank"""">https://search.r-project.org/CRAN/refmans/urca/html/nporg.html</a>",15,0,0,0,0,0,0
boot,cane,Sugar-cane Disease Data,22400,data.frame,180,5,"<a href=https://search.r-project.org/CRAN/refmans/boot/html/cane.html target=""""_blank"""">https://search.r-project.org/CRAN/refmans/boot/html/cane.html</a>",3,0,2,0,0,0,0
mice,windspeed,Subset of Irish wind speed data,22128,data.frame,433,6,"<a href=https://search.r-project.org/CRAN/refmans/mice/html/windspeed.html target=""""_blank"""">https://search.r-project.org/CRAN/refmans/mice/html/windspeed.html</a>",6,0,0,0,0,0,0
AER,Electricity1955,"Cost Function of Electricity Producers (1955, Nerlove Data)",21936,data.frame,159,8,"<a href=https://search.r-project.org/CRAN/refmans/AER/html/Electricity1955.html target=""""_blank"""">https://search.r-project.org/CRAN/refmans/AER/html/Electricity1955.html</a>",8,0,0,0,0,0,0
nlme,RatPupWeight,The weight of rat pups,21816,"nffGroupedData, nfGroupedData, groupedData, data.frame",322,5,"<a href=https://search.r-project.org/CRAN/refmans/nlme/html/RatPupWeight.html target=""""_blank"""">https://search.r-project.org/CRAN/refmans/nlme/html/RatPupWeight.html</a>",2,0,3,0,0,0,0
nlme,Dialyzer,High-Flux Hemodialyzer,21552,"nfnGroupedData, nfGroupedData, groupedData, data.frame",140,5,"<a href=https://search.r-project.org/CRAN/refmans/nlme/html/Dialyzer.html target=""""_blank"""">https://search.r-project.org/CRAN/refmans/nlme/html/Dialyzer.html</a>",3,0,2,0,0,0,0
rpart,solder.balance,Soldering of Components on Printed-Circuit Boards,21416,data.frame,720,6,"<a href=https://search.r-project.org/CRAN/refmans/rpart/html/solder.balance.html target=""""_blank"""">https://search.r-project.org/CRAN/refmans/rpart/html/solder.balance.html</a>",2,0,4,0,0,0,0
MASS,survey,Student Survey Data,21248,data.frame,237,12,"<a href=https://search.r-project.org/CRAN/refmans/MASS/html/survey.html target=""""_blank"""">https://search.r-project.org/CRAN/refmans/MASS/html/survey.html</a>",5,0,7,0,0,0,0
AER,SportsCards,Endowment Effect for Sports Cards,21032,data.frame,148,9,"<a href=https://search.r-project.org/CRAN/refmans/AER/html/SportsCards.html target=""""_blank"""">https://search.r-project.org/CRAN/refmans/AER/html/SportsCards.html</a>",3,0,6,0,0,0,0
wooldridge,athlet1,athlet1,21016,data.frame,118,23,"<a href=https://search.r-project.org/CRAN/refmans/wooldridge/html/athlet1.html target=""""_blank"""">https://search.r-project.org/CRAN/refmans/wooldridge/html/athlet1.html</a>",22,0,0,1,0,0,0
flexmix,BregFix,Artificial Example for Binomial Regression,20928,data.frame,200,5,"<a href=https://search.r-project.org/CRAN/refmans/flexmix/html/BregFix.html target=""""_blank"""">https://search.r-project.org/CRAN/refmans/flexmix/html/BregFix.html</a>",4,0,1,0,0,0,0
doBy,fev,Forced expiratory volume in children,20560,data.frame,654,5,"<a href=https://search.r-project.org/CRAN/refmans/doBy/html/fev.html target=""""_blank"""">https://search.r-project.org/CRAN/refmans/doBy/html/fev.html</a>",3,0,2,0,0,0,0
mosaicData,Births78,US Births,20256,data.frame,365,8,"<a href=https://search.r-project.org/CRAN/refmans/mosaicData/html/Births78.html target=""""_blank"""">https://search.r-project.org/CRAN/refmans/mosaicData/html/Births78.html</a>",6,0,1,0,1,0,0
wooldridge,lawsch85,lawsch85,20224,data.frame,156,21,"<a href=https://search.r-project.org/CRAN/refmans/wooldridge/html/lawsch85.html target=""""_blank"""">https://search.r-project.org/CRAN/refmans/wooldridge/html/lawsch85.html</a>",21,0,0,0,0,0,0
evd,venice2,Largest Sea Levels in Venice,19896,data.frame,125,10,"<a href=https://search.r-project.org/CRAN/refmans/evd/html/venice2.html target=""""_blank"""">https://search.r-project.org/CRAN/refmans/evd/html/venice2.html</a>",10,0,0,0,0,0,0
lava,calcium,Longitudinal Bone Mineral Density Data,19888,data.frame,501,6,"<a href=https://search.r-project.org/CRAN/refmans/lava/html/calcium.html target=""""_blank"""">https://search.r-project.org/CRAN/refmans/lava/html/calcium.html</a>",5,0,1,0,0,0,0
vcd,DanishWelfare,Danish Welfare Study Data,19608,data.frame,180,5,"<a href=https://search.r-project.org/CRAN/refmans/vcd/html/DanishWelfare.html target=""""_blank"""">https://search.r-project.org/CRAN/refmans/vcd/html/DanishWelfare.html</a>",1,0,4,0,0,0,0
MASS,gilgais,Line Transect of Soil in Gilgai Territory,19344,data.frame,365,9,"<a href=https://search.r-project.org/CRAN/refmans/MASS/html/gilgais.html target=""""_blank"""">https://search.r-project.org/CRAN/refmans/MASS/html/gilgais.html</a>",9,0,0,0,0,0,0
modeldata,steroidogenic_toxicity,Predicting steroidogenic toxicity with assay data,19144,"tbl_df, tbl, data.frame",162,13,"<a href=https://search.r-project.org/CRAN/refmans/modeldata/html/steroidogenic_toxicity.html target=""""_blank"""">https://search.r-project.org/CRAN/refmans/modeldata/html/steroidogenic_toxicity.html</a>",12,0,1,0,0,0,0
lattice,USRegionalMortality,Mortality Rates in US by Cause and Gender,19096,data.frame,400,6,"<a href=https://search.r-project.org/CRAN/refmans/lattice/html/USRegionalMortality.html target=""""_blank"""">https://search.r-project.org/CRAN/refmans/lattice/html/USRegionalMortality.html</a>",2,0,4,0,0,0,0
MASS,fgl,Measurements of Forensic Glass Fragments,18936,data.frame,214,10,"<a href=https://search.r-project.org/CRAN/refmans/MASS/html/fgl.html target=""""_blank"""">https://search.r-project.org/CRAN/refmans/MASS/html/fgl.html</a>",9,0,1,0,0,0,0
wooldridge,pension,pension,18672,data.frame,194,19,"<a href=https://search.r-project.org/CRAN/refmans/wooldridge/html/pension.html target=""""_blank"""">https://search.r-project.org/CRAN/refmans/wooldridge/html/pension.html</a>",19,0,0,0,0,0,0
RobStatTM,vehicle,Vehicle data,18464,data.frame,217,18,"<a href=https://search.r-project.org/CRAN/refmans/RobStatTM/html/vehicle.html target=""""_blank"""">https://search.r-project.org/CRAN/refmans/RobStatTM/html/vehicle.html</a>",18,0,0,0,0,0,0
AER,Parade2005,Parade Magazine 2005 Earnings Data,17800,data.frame,130,5,"<a href=https://search.r-project.org/CRAN/refmans/AER/html/Parade2005.html target=""""_blank"""">https://search.r-project.org/CRAN/refmans/AER/html/Parade2005.html</a>",2,0,3,0,0,0,0
jomo,surdata,A simulated dataset with survival data,17736,data.frame,500,5,"<a href=https://search.r-project.org/CRAN/refmans/jomo/html/surdata.html target=""""_blank"""">https://search.r-project.org/CRAN/refmans/jomo/html/surdata.html</a>",4,0,1,0,0,0,0
urca,Raotbl6,Data set used by Yash P. Mehra (1994),17304,data.frame,123,8,"<a href=https://search.r-project.org/CRAN/refmans/urca/html/Raotbl6.html target=""""_blank"""">https://search.r-project.org/CRAN/refmans/urca/html/Raotbl6.html</a>",8,0,0,0,0,0,0
nlme,Wheat2,Wheat Yield Trials,17224,"nffGroupedData, nfGroupedData, groupedData, data.frame",224,5,"<a href=https://search.r-project.org/CRAN/refmans/nlme/html/Wheat2.html target=""""_blank"""">https://search.r-project.org/CRAN/refmans/nlme/html/Wheat2.html</a>",3,0,2,0,0,0,0
seriation,Zoo,Zoo Data Set,17152,data.frame,101,17,"<a href=https://search.r-project.org/CRAN/refmans/seriation/html/Zoo.html target=""""_blank"""">https://search.r-project.org/CRAN/refmans/seriation/html/Zoo.html</a>",16,0,1,0,0,0,0
wooldridge,murder,murder,16976,data.frame,153,13,"<a href=https://search.r-project.org/CRAN/refmans/wooldridge/html/murder.html target=""""_blank"""">https://search.r-project.org/CRAN/refmans/wooldridge/html/murder.html</a>",12,0,0,1,0,0,0
rpart,cu.summary,Automobile Data from 'Consumer Reports' 1990,16472,data.frame,117,5,"<a href=https://search.r-project.org/CRAN/refmans/rpart/html/cu.summary.html target=""""_blank"""">https://search.r-project.org/CRAN/refmans/rpart/html/cu.summary.html</a>",2,0,3,0,0,0,0
TH.data,birds,Habitat Suitability for Breeding Bird Communities,16352,data.frame,258,10,"<a href=https://search.r-project.org/CRAN/refmans/TH.data/html/birds.html target=""""_blank"""">https://search.r-project.org/CRAN/refmans/TH.data/html/birds.html</a>",10,0,0,0,0,0,0
urca,Raotbl1,"Data set used by Dickey, Jansen and Thornton (1994)",16192,data.frame,144,5,"<a href=https://search.r-project.org/CRAN/refmans/urca/html/Raotbl1.html target=""""_blank"""">https://search.r-project.org/CRAN/refmans/urca/html/Raotbl1.html</a>",5,0,0,0,0,0,0
wooldridge,ezanders,ezanders,16192,data.frame,108,25,"<a href=https://search.r-project.org/CRAN/refmans/wooldridge/html/ezanders.html target=""""_blank"""">https://search.r-project.org/CRAN/refmans/wooldridge/html/ezanders.html</a>",24,0,0,1,0,0,0
wooldridge,vote1,vote1,15736,data.frame,173,10,"<a href=https://search.r-project.org/CRAN/refmans/wooldridge/html/vote1.html target=""""_blank"""">https://search.r-project.org/CRAN/refmans/wooldridge/html/vote1.html</a>",9,0,0,1,0,0,0
wooldridge,return,return,14856,data.frame,142,12,"<a href=https://search.r-project.org/CRAN/refmans/wooldridge/html/return.html target=""""_blank"""">https://search.r-project.org/CRAN/refmans/wooldridge/html/return.html</a>",12,0,0,0,0,0,0
urca,Raotbl4,Data set used by Pierre Perron (1994),14424,data.frame,117,6,"<a href=https://search.r-project.org/CRAN/refmans/urca/html/Raotbl4.html target=""""_blank"""">https://search.r-project.org/CRAN/refmans/urca/html/Raotbl4.html</a>",6,0,0,0,0,0,0
insight,fish,Sample data set for count models,14344,data.frame,250,9,"<a href=https://search.r-project.org/CRAN/refmans/insight/html/fish.html target=""""_blank"""">https://search.r-project.org/CRAN/refmans/insight/html/fish.html</a>",6,0,3,0,0,0,0
parameters,fish,Sample data set,14344,data.frame,250,9,"<a href=https://search.r-project.org/CRAN/refmans/parameters/html/fish.html target=""""_blank"""">https://search.r-project.org/CRAN/refmans/parameters/html/fish.html</a>",6,0,3,0,0,0,0
survival,cgd0,Chronic Granulotomous Disease data,14288,data.frame,128,20,"<a href=https://search.r-project.org/CRAN/refmans/survival/html/cgd0.html target=""""_blank"""">https://search.r-project.org/CRAN/refmans/survival/html/cgd0.html</a>",20,0,0,0,0,0,0
mosaicData,SnowGR,"Snowfall data for Grand Rapids, MI",13888,data.frame,119,15,"<a href=https://search.r-project.org/CRAN/refmans/mosaicData/html/SnowGR.html target=""""_blank"""">https://search.r-project.org/CRAN/refmans/mosaicData/html/SnowGR.html</a>",15,0,0,0,0,0,0
gamlss.data,cable,The cable data set,13688,data.frame,283,6,"<a href=https://search.r-project.org/CRAN/refmans/gamlss.data/html/cable.html target=""""_blank"""">https://search.r-project.org/CRAN/refmans/gamlss.data/html/cable.html</a>",6,0,0,0,0,0,0
psych,small.msq,A small example data set taken from a larger data set,13520,data.frame,200,14,"<a href=https://search.r-project.org/CRAN/refmans/psych/html/small.msq.html target=""""_blank"""">https://search.r-project.org/CRAN/refmans/psych/html/small.msq.html</a>",14,0,0,0,0,0,0
urca,Raotbl5,Data set used by Pierre Perron (1994),13384,data.frame,117,5,"<a href=https://search.r-project.org/CRAN/refmans/urca/html/Raotbl5.html target=""""_blank"""">https://search.r-project.org/CRAN/refmans/urca/html/Raotbl5.html</a>",5,0,0,0,0,0,0
MASS,shuttle,Space Shuttle Autolander Problem,12480,data.frame,256,7,"<a href=https://search.r-project.org/CRAN/refmans/MASS/html/shuttle.html target=""""_blank"""">https://search.r-project.org/CRAN/refmans/MASS/html/shuttle.html</a>",0,0,7,0,0,0,0
MASS,bacteria,Presence of Bacteria after Drug Treatments,12312,data.frame,220,6,"<a href=https://search.r-project.org/CRAN/refmans/MASS/html/bacteria.html target=""""_blank"""">https://search.r-project.org/CRAN/refmans/MASS/html/bacteria.html</a>",1,0,5,0,0,0,0
archdata,RBGlass1,"Romano-British Glass, Major and Minor Elements",12304,data.frame,105,12,"<a href=https://search.r-project.org/CRAN/refmans/archdata/html/RBGlass1.html target=""""_blank"""">https://search.r-project.org/CRAN/refmans/archdata/html/RBGlass1.html</a>",11,0,1,0,0,0,0
dslabs,temp_carbon,"Global temperature anomaly and carbon emissions, 1751-2018",11992,data.frame,268,5,"<a href=https://search.r-project.org/CRAN/refmans/dslabs/html/temp_carbon.html target=""""_blank"""">https://search.r-project.org/CRAN/refmans/dslabs/html/temp_carbon.html</a>",5,0,0,0,0,0,0
wooldridge,openness,openness,11936,data.frame,114,12,"<a href=https://search.r-project.org/CRAN/refmans/wooldridge/html/openness.html target=""""_blank"""">https://search.r-project.org/CRAN/refmans/wooldridge/html/openness.html</a>",12,0,0,0,0,0,0
coin,photocar,Multiple Dosing Photococarcinogenicity Experiment,11840,data.frame,108,6,"<a href=https://search.r-project.org/CRAN/refmans/coin/html/photocar.html target=""""_blank"""">https://search.r-project.org/CRAN/refmans/coin/html/photocar.html</a>",3,2,1,0,0,0,0
HardyWeinberg,Mourant,Genotype frequencies for blood group locus MN,11632,data.frame,216,6,"<a href=https://search.r-project.org/CRAN/refmans/HardyWeinberg/html/Mourant.html target=""""_blank"""">https://search.r-project.org/CRAN/refmans/HardyWeinberg/html/Mourant.html</a>",4,0,2,0,0,0,0
mclust,thyroid,UCI Thyroid Gland Data,11384,data.frame,215,6,"<a href=https://search.r-project.org/CRAN/refmans/mclust/html/thyroid.html target=""""_blank"""">https://search.r-project.org/CRAN/refmans/mclust/html/thyroid.html</a>",5,0,1,0,0,0,0
mosaicData,Utilities,Utility bills,11112,data.frame,117,12,"<a href=https://search.r-project.org/CRAN/refmans/mosaicData/html/Utilities.html target=""""_blank"""">https://search.r-project.org/CRAN/refmans/mosaicData/html/Utilities.html</a>",11,0,1,0,0,0,0
multcomp,mtept,Multiple Endpoints Data,11080,data.frame,111,5,"<a href=https://search.r-project.org/CRAN/refmans/multcomp/html/mtept.html target=""""_blank"""">https://search.r-project.org/CRAN/refmans/multcomp/html/mtept.html</a>",4,0,1,0,0,0,0
HDclassif,Crabs,Morphological Measurements on Leptograpsus Crabs.,10768,data.frame,200,6,"<a href=https://search.r-project.org/CRAN/refmans/HDclassif/html/Crabs.html target=""""_blank"""">https://search.r-project.org/CRAN/refmans/HDclassif/html/Crabs.html</a>",5,0,1,0,0,0,0
rrcov,bushmiss,Campbell Bushfire Data with added missing data items,10448,data.frame,190,6,"<a href=https://search.r-project.org/CRAN/refmans/rrcov/html/bushmiss.html target=""""_blank"""">https://search.r-project.org/CRAN/refmans/rrcov/html/bushmiss.html</a>",6,0,0,0,0,0,0
MASS,VA,Veteran's Administration Lung Cancer Trial,10376,data.frame,137,8,"<a href=https://search.r-project.org/CRAN/refmans/MASS/html/VA.html target=""""_blank"""">https://search.r-project.org/CRAN/refmans/MASS/html/VA.html</a>",5,0,3,0,0,0,0
wooldridge,beveridge,beveridge,10144,data.frame,135,8,"<a href=https://search.r-project.org/CRAN/refmans/wooldridge/html/beveridge.html target=""""_blank"""">https://search.r-project.org/CRAN/refmans/wooldridge/html/beveridge.html</a>",7,0,0,0,1,0,0
emmeans,ubds,Unbalanced dataset,9864,data.frame,100,5,"<a href=https://search.r-project.org/CRAN/refmans/emmeans/html/ubds.html target=""""_blank"""">https://search.r-project.org/CRAN/refmans/emmeans/html/ubds.html</a>",2,0,3,0,0,0,0
psych,Tal.Or,Data set testing causal direction in presumed media influence,9616,data.frame,123,6,"<a href=https://search.r-project.org/CRAN/refmans/psych/html/Tal.Or.html target=""""_blank"""">https://search.r-project.org/CRAN/refmans/psych/html/Tal.Or.html</a>",6,0,0,0,0,0,0
psych,Tal_Or,Data set testing causal direction in presumed media influence,9616,data.frame,123,6,"<a href=https://search.r-project.org/CRAN/refmans/psych/html/Tal_Or.html target=""""_blank"""">https://search.r-project.org/CRAN/refmans/psych/html/Tal_Or.html</a>",6,0,0,0,0,0,0
survival,bladder2,Bladder Cancer Recurrences,9400,data.frame,178,8,"<a href=https://search.r-project.org/CRAN/refmans/survival/html/bladder2.html target=""""_blank"""">https://search.r-project.org/CRAN/refmans/survival/html/bladder2.html</a>",8,0,0,0,0,0,0
wooldridge,infmrt,infmrt,9296,data.frame,102,12,"<a href=https://search.r-project.org/CRAN/refmans/wooldridge/html/infmrt.html target=""""_blank"""">https://search.r-project.org/CRAN/refmans/wooldridge/html/infmrt.html</a>",12,0,0,0,0,0,0
psych,Garcia,"Data from the sexism (protest) study of Garcia, Schmitt, Branscome, and Ellemers (2010)",9016,data.frame,129,6,"<a href=https://search.r-project.org/CRAN/refmans/psych/html/Garcia.html target=""""_blank"""">https://search.r-project.org/CRAN/refmans/psych/html/Garcia.html</a>",6,0,0,0,0,0,0
robustbase,possumDiv,Possum Diversity Data,8520,data.frame,151,9,"<a href=https://search.r-project.org/CRAN/refmans/robustbase/html/possumDiv.html target=""""_blank"""">https://search.r-project.org/CRAN/refmans/robustbase/html/possumDiv.html</a>",7,0,2,0,0,0,0
datawizard,efc,Sample dataset from the EFC Survey,8488,data.frame,100,5,"<a href=https://search.r-project.org/CRAN/refmans/datawizard/html/efc.html target=""""_blank"""">https://search.r-project.org/CRAN/refmans/datawizard/html/efc.html</a>",4,0,1,0,0,0,0
wooldridge,admnrev,admnrev,8032,data.frame,153,5,"<a href=https://search.r-project.org/CRAN/refmans/wooldridge/html/admnrev.html target=""""_blank"""">https://search.r-project.org/CRAN/refmans/wooldridge/html/admnrev.html</a>",4,0,0,1,0,0,0
archdata,RBGlass2,"Romano-British Glass, Trace Elements",7728,data.frame,105,12,"<a href=https://search.r-project.org/CRAN/refmans/archdata/html/RBGlass2.html target=""""_blank"""">https://search.r-project.org/CRAN/refmans/archdata/html/RBGlass2.html</a>",11,0,1,0,0,0,0
gamlss.data,sleep,Data on sleep,7328,data.frame,106,9,"<a href=https://search.r-project.org/CRAN/refmans/gamlss.data/html/sleep.html target=""""_blank"""">https://search.r-project.org/CRAN/refmans/gamlss.data/html/sleep.html</a>",9,0,0,0,0,0,0
MASS,minn38,Minnesota High School Graduates of 1938,7160,data.frame,168,5,"<a href=https://search.r-project.org/CRAN/refmans/MASS/html/minn38.html target=""""_blank"""">https://search.r-project.org/CRAN/refmans/MASS/html/minn38.html</a>",1,0,4,0,0,0,0
htmlTable,SCB,Average age in Sweden,7144,data.frame,120,5,"<a href=https://search.r-project.org/CRAN/refmans/htmlTable/html/SCB.html target=""""_blank"""">https://search.r-project.org/CRAN/refmans/htmlTable/html/SCB.html</a>",1,0,4,0,0,0,0
lava,bmd,Longitudinal Bone Mineral Density Data (Wide format),6840,data.frame,112,7,"<a href=https://search.r-project.org/CRAN/refmans/lava/html/bmd.html target=""""_blank"""">https://search.r-project.org/CRAN/refmans/lava/html/bmd.html</a>",7,0,0,0,0,0,0
rrcov,rice,Rice taste data,6416,data.frame,105,6,"<a href=https://search.r-project.org/CRAN/refmans/rrcov/html/rice.html target=""""_blank"""">https://search.r-project.org/CRAN/refmans/rrcov/html/rice.html</a>",6,0,0,0,0,0,0
MASS,quine,Absenteeism from School in Rural New South Wales,6320,data.frame,146,5,"<a href=https://search.r-project.org/CRAN/refmans/MASS/html/quine.html target=""""_blank"""">https://search.r-project.org/CRAN/refmans/MASS/html/quine.html</a>",1,0,4,0,0,0,0
rrcov,diabetes,Reaven and Miller diabetes data,6000,data.frame,145,6,"<a href=https://search.r-project.org/CRAN/refmans/rrcov/html/diabetes.html target=""""_blank"""">https://search.r-project.org/CRAN/refmans/rrcov/html/diabetes.html</a>",5,0,1,0,0,0,0
wooldridge,saving,saving,4512,data.frame,100,7,"<a href=https://search.r-project.org/CRAN/refmans/wooldridge/html/saving.html target=""""_blank"""">https://search.r-project.org/CRAN/refmans/wooldridge/html/saving.html</a>",7,0,0,0,0,0,0
